#! /opt/homebrew/Cellar/icarus-verilog/12.0/bin/vvp
:ivl_version "12.0 (stable)";
:ivl_delay_selection "TYPICAL";
:vpi_time_precision - 9;
:vpi_module "/opt/homebrew/Cellar/icarus-verilog/12.0/lib/ivl/system.vpi";
:vpi_module "/opt/homebrew/Cellar/icarus-verilog/12.0/lib/ivl/vhdl_sys.vpi";
:vpi_module "/opt/homebrew/Cellar/icarus-verilog/12.0/lib/ivl/vhdl_textio.vpi";
:vpi_module "/opt/homebrew/Cellar/icarus-verilog/12.0/lib/ivl/v2005_math.vpi";
:vpi_module "/opt/homebrew/Cellar/icarus-verilog/12.0/lib/ivl/va_math.vpi";
S_0x141e1da50 .scope module, "PC" "PC" 2 1;
 .timescale 0 0;
    .port_info 0 /INPUT 1 "clk";
    .port_info 1 /INPUT 1 "rst";
    .port_info 2 /INPUT 32 "pc_i";
    .port_info 3 /OUTPUT 32 "pc_o";
o0x138008010 .functor BUFZ 1, C4<z>; HiZ drive
v0x141e423d0_0 .net "clk", 0 0, o0x138008010;  0 drivers
o0x138008040 .functor BUFZ 32, C4<zzzzzzzzzzzzzzzzzzzzzzzzzzzzzzzz>; HiZ drive
v0x141e4ef80_0 .net "pc_i", 31 0, o0x138008040;  0 drivers
v0x141e4f020_0 .var "pc_o", 31 0;
o0x1380080a0 .functor BUFZ 1, C4<z>; HiZ drive
v0x141e4f0d0_0 .net "rst", 0 0, o0x1380080a0;  0 drivers
E_0x141e06680 .event posedge, v0x141e423d0_0;
S_0x141e0eef0 .scope module, "tb_riscv_sc" "tb_riscv_sc" 3 4;
 .timescale -9 -9;
v0x141e60900_0 .var "clk", 0 0;
v0x141e60a90_0 .var "start", 0 0;
S_0x141e4f1d0 .scope module, "riscv_DUT" "PipelinedCPU" 3 10, 4 21 0, S_0x141e0eef0;
 .timescale 0 0;
    .port_info 0 /INPUT 1 "clk";
    .port_info 1 /INPUT 1 "start";
L_0x141e63120 .functor AND 1, v0x141e54260_0, L_0x141e63040, C4<1>, C4<1>;
L_0x141e634a0 .functor NOT 1, v0x141e53790_0, C4<0>, C4<0>, C4<0>;
L_0x141e63590 .functor NOT 1, v0x141e536f0_0, C4<0>, C4<0>, C4<0>;
L_0x141e63680 .functor OR 1, v0x141e53340_0, L_0x141e63120, C4<0>, C4<0>;
L_0x141e637a0 .functor BUFZ 1, L_0x141e63120, C4<0>, C4<0>, C4<0>;
v0x141e5d590_0 .net "ALUOp_EX", 1 0, v0x141e53fc0_0;  1 drivers
v0x141e5d640_0 .net "ALUOp_ID", 1 0, v0x141e56c70_0;  1 drivers
v0x141e5d720_0 .net "ALUSrc_EX", 0 0, v0x141e540f0_0;  1 drivers
v0x141e5d7b0_0 .net "ALUSrc_ID", 0 0, v0x141e56d20_0;  1 drivers
v0x141e5d880_0 .net "aluControl_EX", 3 0, v0x141e50260_0;  1 drivers
v0x141e5d990_0 .net "aluOperandB_EX", 31 0, L_0x141e62e90;  1 drivers
v0x141e5da20_0 .net "aluResult_EX", 31 0, v0x141e51380_0;  1 drivers
v0x141e5daf0_0 .net "aluResult_MEM", 31 0, v0x141e51bc0_0;  1 drivers
v0x141e5dc00_0 .net "aluResult_WB", 31 0, v0x141e58c20_0;  1 drivers
v0x141e5dd10_0 .net "branchTaken_EX", 0 0, L_0x141e63120;  1 drivers
v0x141e5dda0_0 .net "branchTarget_EX", 31 0, L_0x141e62d90;  1 drivers
v0x141e5de30_0 .net "branch_EX", 0 0, v0x141e54260_0;  1 drivers
v0x141e5dec0_0 .net "branch_ID", 0 0, v0x141e56dd0_0;  1 drivers
v0x141e5df50_0 .net "clk", 0 0, v0x141e60900_0;  1 drivers
v0x141e5dfe0_0 .var "detectingDeadcode", 0 0;
v0x141e5e070_0 .net "finalWBData", 31 0, L_0x141e632e0;  1 drivers
v0x141e5e140_0 .net "flushE", 0 0, v0x141e53340_0;  1 drivers
v0x141e5e2d0_0 .net "forwardA_EX", 1 0, v0x141e52a20_0;  1 drivers
v0x141e5e360_0 .var "forwardA_val", 31 0;
v0x141e5e3f0_0 .net "forwardB_EX", 1 0, v0x141e52ae0_0;  1 drivers
v0x141e5e480_0 .var "forwardB_val", 31 0;
v0x141e5e510_0 .net "funct3_EX", 2 0, v0x141e54550_0;  1 drivers
v0x141e5e5a0_0 .net "funct7b5_EX", 0 0, v0x141e546a0_0;  1 drivers
v0x141e5e670_0 .net "id_ex_flush", 0 0, L_0x141e63680;  1 drivers
v0x141e5e700_0 .net "id_ex_write", 0 0, L_0x141e63590;  1 drivers
v0x141e5e790_0 .net "if_id_flush", 0 0, L_0x141e637a0;  1 drivers
v0x141e5e840_0 .net "if_id_write", 0 0, L_0x141e634a0;  1 drivers
v0x141e5e8f0_0 .net "immShifted_EX", 31 0, L_0x141e62cb0;  1 drivers
v0x141e5e9a0_0 .net "imm_EX", 31 0, v0x141e547c0_0;  1 drivers
v0x141e5ea70_0 .net "imm_ID", 31 0, v0x141e57760_0;  1 drivers
v0x141e5eb40_0 .net "instr_ID", 31 0, v0x141e56040_0;  1 drivers
v0x141e5ec10_0 .net "instr_IF", 31 0, L_0x141e61720;  1 drivers
v0x141e5ece0_0 .net "memReadData_MEM", 31 0, L_0x141e63270;  1 drivers
v0x141e5e210_0 .net "memReadData_WB", 31 0, v0x141e58df0_0;  1 drivers
v0x141e5efb0_0 .net "memRead_EX", 0 0, v0x141e54900_0;  1 drivers
v0x141e5f040_0 .net "memRead_ID", 0 0, v0x141e57000_0;  1 drivers
v0x141e5f110_0 .net "memRead_MEM", 0 0, v0x141e51d80_0;  1 drivers
v0x141e5f1a0_0 .net "memToReg_EX", 0 0, v0x141e54ca0_0;  1 drivers
v0x141e5f270_0 .net "memToReg_ID", 0 0, v0x141e57140_0;  1 drivers
v0x141e5f340_0 .net "memToReg_MEM", 0 0, v0x141e51f00_0;  1 drivers
v0x141e5f410_0 .net "memToReg_WB", 0 0, v0x141e58f70_0;  1 drivers
v0x141e5f4e0_0 .net "memWrite_EX", 0 0, v0x141e54b60_0;  1 drivers
v0x141e5f5b0_0 .net "memWrite_ID", 0 0, v0x141e57090_0;  1 drivers
v0x141e5f640_0 .net "memWrite_MEM", 0 0, v0x141e52040_0;  1 drivers
v0x141e5f710_0 .net "pcNext_IF", 31 0, L_0x141e63380;  1 drivers
v0x141e5f7a0_0 .net "pcPlus4_IF", 31 0, L_0x141e61880;  1 drivers
v0x141e5f830_0 .var "pcWrite", 0 0;
v0x141e5f8c0_0 .net "pc_EX", 31 0, v0x141e54dc0_0;  1 drivers
v0x141e5f950_0 .net "pc_ID", 31 0, v0x141e561d0_0;  1 drivers
v0x141e5fa20_0 .net "pc_IF", 31 0, v0x141e5fab0_0;  1 drivers
v0x141e5fab0_0 .var "pc_reg", 31 0;
v0x141e5fb40_0 .net "rawReadData1_ID", 31 0, L_0x141e62220;  1 drivers
v0x141e5fbd0_0 .net "rawReadData2_ID", 31 0, L_0x141e62790;  1 drivers
v0x141e5fc60_0 .net "rdData1_EX", 31 0, v0x141e55050_0;  1 drivers
v0x141e5fcf0_0 .net "rdData2_EX", 31 0, v0x141e551b0_0;  1 drivers
v0x141e5fdc0_0 .net "rd_EX", 4 0, v0x141e54ee0_0;  1 drivers
v0x141e5fe50_0 .net "rd_ID", 4 0, L_0x141e61c40;  1 drivers
v0x141e5fee0_0 .net "rd_MEM", 4 0, v0x141e521f0_0;  1 drivers
v0x141e5ff70_0 .net "rd_WB", 4 0, v0x141e590e0_0;  1 drivers
v0x141e60000_0 .var "readData1_ID", 31 0;
v0x141e60090_0 .var "readData2_ID", 31 0;
v0x141e60120_0 .net "regWrite_EX", 0 0, v0x141e552e0_0;  1 drivers
v0x141e601f0_0 .net "regWrite_ID", 0 0, v0x141e57300_0;  1 drivers
v0x141e602c0_0 .net "regWrite_MEM", 0 0, v0x141e52340_0;  1 drivers
v0x141e60350_0 .net "regWrite_WB", 0 0, v0x141e592a0_0;  1 drivers
v0x141e5ed70_0 .net "rs1_EX", 4 0, v0x141e55440_0;  1 drivers
v0x141e5ee40_0 .net "rs1_ID", 4 0, L_0x141e61980;  1 drivers
v0x141e5eed0_0 .net "rs2_EX", 4 0, v0x141e54a80_0;  1 drivers
v0x141e60420_0 .net "rs2_ID", 4 0, L_0x141e61aa0;  1 drivers
v0x141e604b0_0 .net "stallD", 0 0, v0x141e536f0_0;  1 drivers
v0x141e60540_0 .net "stallF", 0 0, v0x141e53790_0;  1 drivers
v0x141e605d0_0 .net "start", 0 0, v0x141e60a90_0;  1 drivers
v0x141e60660_0 .var "stopCounter", 3 0;
v0x141e606f0_0 .net "writeData_MEM", 31 0, v0x141e52530_0;  1 drivers
o0x13800cbd0 .functor BUFZ 32, C4<zzzzzzzzzzzzzzzzzzzzzzzzzzzzzzzz>; HiZ drive
v0x141e607c0_0 .net "writeData_WB", 31 0, o0x13800cbd0;  0 drivers
v0x141e60850_0 .net "zero_EX", 0 0, L_0x141e63040;  1 drivers
E_0x141e4f3e0/0 .event anyedge, v0x141e5aaf0_0, v0x141e5ab80_0, v0x141e52db0_0, v0x141e52c50_0;
E_0x141e4f3e0/1 .event anyedge, v0x141e53580_0, v0x141e597f0_0, v0x141e53610_0;
E_0x141e4f3e0 .event/or E_0x141e4f3e0/0, E_0x141e4f3e0/1;
E_0x141e4f470 .event anyedge, v0x141e53790_0;
E_0x141e4f4c0 .event anyedge, v0x141e52ae0_0, v0x141e52480_0, v0x141e51bc0_0, v0x141e607c0_0;
E_0x141e4f520 .event anyedge, v0x141e52a20_0, v0x141e55050_0, v0x141e51bc0_0, v0x141e607c0_0;
L_0x141e61980 .part v0x141e56040_0, 15, 5;
L_0x141e61aa0 .part v0x141e56040_0, 20, 5;
L_0x141e61c40 .part v0x141e56040_0, 7, 5;
L_0x141e61ce0 .part v0x141e56040_0, 0, 7;
L_0x141e61d80 .part v0x141e56040_0, 12, 3;
L_0x141e62ad0 .part v0x141e56040_0, 12, 3;
L_0x141e62b70 .part v0x141e56040_0, 30, 1;
L_0x141e62d90 .arith/sum 32, v0x141e54dc0_0, L_0x141e62cb0;
L_0x141e62e90 .functor MUXZ 32, v0x141e5e480_0, v0x141e547c0_0, v0x141e540f0_0, C4<>;
L_0x141e63380 .functor MUXZ 32, L_0x141e61880, L_0x141e62d90, L_0x141e63120, C4<>;
S_0x141e4f580 .scope module, "adder_if_pcplus4" "Adder" 4 53, 5 1 0, S_0x141e4f1d0;
 .timescale 0 0;
    .port_info 0 /INPUT 32 "a";
    .port_info 1 /INPUT 32 "b";
    .port_info 2 /OUTPUT 32 "sum";
v0x141e4f7b0_0 .net/s "a", 31 0, v0x141e5fab0_0;  alias, 1 drivers
L_0x138040178 .functor BUFT 1, C4<00000000000000000000000000000100>, C4<0>, C4<0>, C4<0>;
v0x141e4f870_0 .net/s "b", 31 0, L_0x138040178;  1 drivers
v0x141e4f920_0 .net/s "sum", 31 0, L_0x141e61880;  alias, 1 drivers
L_0x141e61880 .arith/sum 32, v0x141e5fab0_0, L_0x138040178;
S_0x141e4fa30 .scope module, "alu_ctrl_ex" "ALUCtrl" 4 258, 6 1 0, S_0x141e4f1d0;
 .timescale 0 0;
    .port_info 0 /INPUT 2 "ALUOp";
    .port_info 1 /INPUT 3 "funct3";
    .port_info 2 /INPUT 1 "funct7";
    .port_info 3 /OUTPUT 4 "ALUCtl";
P_0x141e4fc00 .param/l "ALU_ADD" 1 6 9, C4<0000>;
P_0x141e4fc40 .param/l "ALU_AND" 1 6 11, C4<0010>;
P_0x141e4fc80 .param/l "ALU_OR" 1 6 12, C4<0011>;
P_0x141e4fcc0 .param/l "ALU_SLL" 1 6 14, C4<0101>;
P_0x141e4fd00 .param/l "ALU_SLT" 1 6 17, C4<1000>;
P_0x141e4fd40 .param/l "ALU_SLTU" 1 6 18, C4<1001>;
P_0x141e4fd80 .param/l "ALU_SRA" 1 6 16, C4<0111>;
P_0x141e4fdc0 .param/l "ALU_SRL" 1 6 15, C4<0110>;
P_0x141e4fe00 .param/l "ALU_SUB" 1 6 10, C4<0001>;
P_0x141e4fe40 .param/l "ALU_XOR" 1 6 13, C4<0100>;
v0x141e50260_0 .var "ALUCtl", 3 0;
v0x141e50320_0 .net "ALUOp", 1 0, v0x141e53fc0_0;  alias, 1 drivers
v0x141e503d0_0 .net "funct3", 2 0, v0x141e54550_0;  alias, 1 drivers
v0x141e50490_0 .net "funct7", 0 0, v0x141e546a0_0;  alias, 1 drivers
E_0x141e50200 .event anyedge, v0x141e50320_0, v0x141e503d0_0, v0x141e50490_0;
S_0x141e50590 .scope module, "alu_ex" "ALU" 4 268, 7 1 0, S_0x141e4f1d0;
 .timescale 0 0;
    .port_info 0 /INPUT 4 "ALUCtl";
    .port_info 1 /INPUT 32 "A";
    .port_info 2 /INPUT 32 "B";
    .port_info 3 /OUTPUT 32 "ALUOut";
    .port_info 4 /OUTPUT 1 "zero";
P_0x141e50750 .param/l "ALU_ADD" 1 7 9, C4<0000>;
P_0x141e50790 .param/l "ALU_AND" 1 7 11, C4<0010>;
P_0x141e507d0 .param/l "ALU_OR" 1 7 12, C4<0011>;
P_0x141e50810 .param/l "ALU_SLL" 1 7 14, C4<0101>;
P_0x141e50850 .param/l "ALU_SLT" 1 7 17, C4<1000>;
P_0x141e50890 .param/l "ALU_SLTU" 1 7 18, C4<1001>;
P_0x141e508d0 .param/l "ALU_SRA" 1 7 16, C4<0111>;
P_0x141e50910 .param/l "ALU_SRL" 1 7 15, C4<0110>;
P_0x141e50950 .param/l "ALU_SUB" 1 7 10, C4<0001>;
P_0x141e50990 .param/l "ALU_XOR" 1 7 13, C4<0100>;
v0x141e51200_0 .net/s "A", 31 0, v0x141e5e360_0;  1 drivers
v0x141e512c0_0 .net "ALUCtl", 3 0, v0x141e50260_0;  alias, 1 drivers
v0x141e51380_0 .var/s "ALUOut", 31 0;
v0x141e51430_0 .net/s "B", 31 0, L_0x141e62e90;  alias, 1 drivers
L_0x138040448 .functor BUFT 1, C4<00000000000000000000000000000000>, C4<0>, C4<0>, C4<0>;
v0x141e514e0_0 .net/2u *"_ivl_0", 31 0, L_0x138040448;  1 drivers
v0x141e515d0_0 .net "zero", 0 0, L_0x141e63040;  alias, 1 drivers
E_0x141e50da0 .event anyedge, v0x141e50260_0, v0x141e51200_0, v0x141e51430_0;
L_0x141e63040 .cmp/eq 32, v0x141e51380_0, L_0x138040448;
S_0x141e50e00 .scope function.vec4.s32, "countTrailingZeros" "countTrailingZeros" 7 40, 7 40 0, S_0x141e50590;
 .timescale 0 0;
; Variable countTrailingZeros is vec4 return value of scope S_0x141e50e00
v0x141e51090_0 .var/i "i", 31 0;
v0x141e51140_0 .var "val", 31 0;
TD_tb_riscv_sc.riscv_DUT.alu_ex.countTrailingZeros ;
    %pushi/vec4 32, 0, 32;
    %ret/vec4 0, 0, 32;  Assign to countTrailingZeros (store_vec4_to_lval)
    %pushi/vec4 0, 0, 32;
    %store/vec4 v0x141e51090_0, 0, 32;
T_0.0 ;
    %load/vec4 v0x141e51090_0;
    %cmpi/s 32, 0, 32;
    %jmp/0xz T_0.1, 5;
    %load/vec4 v0x141e51140_0;
    %load/vec4 v0x141e51090_0;
    %part/s 1;
    %cmpi/e 1, 0, 1;
    %flag_get/vec4 4;
    %jmp/0 T_0.4, 4;
    %retload/vec4 0; Load countTrailingZeros (draw_signal_vec4)
    %pushi/vec4 32, 0, 32;
    %cmp/e;
    %flag_get/vec4 4;
    %and;
T_0.4;
    %flag_set/vec4 8;
    %jmp/0xz  T_0.2, 8;
    %load/vec4 v0x141e51090_0;
    %ret/vec4 0, 0, 32;  Assign to countTrailingZeros (store_vec4_to_lval)
T_0.2 ;
    %load/vec4 v0x141e51090_0;
    %addi 1, 0, 32;
    %store/vec4 v0x141e51090_0, 0, 32;
    %jmp T_0.0;
T_0.1 ;
    %end;
S_0x141e516f0 .scope module, "ex_mem_reg" "EX_MEM_PipelineReg" 4 286, 8 1 0, S_0x141e4f1d0;
 .timescale 0 0;
    .port_info 0 /INPUT 1 "clk";
    .port_info 1 /INPUT 1 "rst";
    .port_info 2 /INPUT 1 "regWrite_in";
    .port_info 3 /INPUT 1 "memToReg_in";
    .port_info 4 /INPUT 1 "memRead_in";
    .port_info 5 /INPUT 1 "memWrite_in";
    .port_info 6 /INPUT 32 "aluResult_in";
    .port_info 7 /INPUT 32 "writeData_in";
    .port_info 8 /INPUT 5 "rd_in";
    .port_info 9 /OUTPUT 1 "regWrite_out";
    .port_info 10 /OUTPUT 1 "memToReg_out";
    .port_info 11 /OUTPUT 1 "memRead_out";
    .port_info 12 /OUTPUT 1 "memWrite_out";
    .port_info 13 /OUTPUT 32 "aluResult_out";
    .port_info 14 /OUTPUT 32 "writeData_out";
    .port_info 15 /OUTPUT 5 "rd_out";
v0x141e51af0_0 .net "aluResult_in", 31 0, v0x141e51380_0;  alias, 1 drivers
v0x141e51bc0_0 .var "aluResult_out", 31 0;
v0x141e51c50_0 .net "clk", 0 0, v0x141e60900_0;  alias, 1 drivers
v0x141e51ce0_0 .net "memRead_in", 0 0, v0x141e54900_0;  alias, 1 drivers
v0x141e51d80_0 .var "memRead_out", 0 0;
v0x141e51e60_0 .net "memToReg_in", 0 0, v0x141e54ca0_0;  alias, 1 drivers
v0x141e51f00_0 .var "memToReg_out", 0 0;
v0x141e51fa0_0 .net "memWrite_in", 0 0, v0x141e54b60_0;  alias, 1 drivers
v0x141e52040_0 .var "memWrite_out", 0 0;
v0x141e52150_0 .net "rd_in", 4 0, v0x141e54ee0_0;  alias, 1 drivers
v0x141e521f0_0 .var "rd_out", 4 0;
v0x141e522a0_0 .net "regWrite_in", 0 0, v0x141e552e0_0;  alias, 1 drivers
v0x141e52340_0 .var "regWrite_out", 0 0;
v0x141e523e0_0 .net "rst", 0 0, v0x141e60a90_0;  alias, 1 drivers
v0x141e52480_0 .net "writeData_in", 31 0, v0x141e551b0_0;  alias, 1 drivers
v0x141e52530_0 .var "writeData_out", 31 0;
E_0x141e51ab0 .event posedge, v0x141e51c50_0;
S_0x141e52760 .scope module, "fwd_unit" "ForwardingUnit" 4 212, 9 1 0, S_0x141e4f1d0;
 .timescale 0 0;
    .port_info 0 /INPUT 5 "rs1_EX";
    .port_info 1 /INPUT 5 "rs2_EX";
    .port_info 2 /INPUT 5 "rd_MEM";
    .port_info 3 /INPUT 5 "rd_WB";
    .port_info 4 /INPUT 1 "regWrite_MEM";
    .port_info 5 /INPUT 1 "regWrite_WB";
    .port_info 6 /OUTPUT 2 "forwardA";
    .port_info 7 /OUTPUT 2 "forwardB";
v0x141e52a20_0 .var "forwardA", 1 0;
v0x141e52ae0_0 .var "forwardB", 1 0;
v0x141e52b80_0 .net "rd_MEM", 4 0, v0x141e521f0_0;  alias, 1 drivers
v0x141e52c50_0 .net "rd_WB", 4 0, v0x141e590e0_0;  alias, 1 drivers
v0x141e52ce0_0 .net "regWrite_MEM", 0 0, v0x141e52340_0;  alias, 1 drivers
v0x141e52db0_0 .net "regWrite_WB", 0 0, v0x141e592a0_0;  alias, 1 drivers
v0x141e52e40_0 .net "rs1_EX", 4 0, v0x141e55440_0;  alias, 1 drivers
v0x141e52ef0_0 .net "rs2_EX", 4 0, v0x141e54a80_0;  alias, 1 drivers
E_0x141e518f0/0 .event anyedge, v0x141e52340_0, v0x141e521f0_0, v0x141e52e40_0, v0x141e52ef0_0;
E_0x141e518f0/1 .event anyedge, v0x141e52db0_0, v0x141e52c50_0;
E_0x141e518f0 .event/or E_0x141e518f0/0, E_0x141e518f0/1;
S_0x141e53060 .scope module, "hazard_unit" "HazardDetection" 4 367, 10 1 0, S_0x141e4f1d0;
 .timescale 0 0;
    .port_info 0 /INPUT 5 "rs1_ID";
    .port_info 1 /INPUT 5 "rs2_ID";
    .port_info 2 /INPUT 5 "rd_EX";
    .port_info 3 /INPUT 1 "memRead_EX";
    .port_info 4 /OUTPUT 1 "stallF";
    .port_info 5 /OUTPUT 1 "stallD";
    .port_info 6 /OUTPUT 1 "flushE";
v0x141e53340_0 .var "flushE", 0 0;
v0x141e533f0_0 .net "memRead_EX", 0 0, v0x141e54900_0;  alias, 1 drivers
v0x141e534b0_0 .net "rd_EX", 4 0, v0x141e54ee0_0;  alias, 1 drivers
v0x141e53580_0 .net "rs1_ID", 4 0, L_0x141e61980;  alias, 1 drivers
v0x141e53610_0 .net "rs2_ID", 4 0, L_0x141e61aa0;  alias, 1 drivers
v0x141e536f0_0 .var "stallD", 0 0;
v0x141e53790_0 .var "stallF", 0 0;
E_0x141e532d0 .event anyedge, v0x141e51ce0_0, v0x141e52150_0, v0x141e53580_0, v0x141e53610_0;
S_0x141e538e0 .scope module, "id_ex_reg" "ID_EX_PipelineReg" 4 134, 11 1 0, S_0x141e4f1d0;
 .timescale 0 0;
    .port_info 0 /INPUT 1 "clk";
    .port_info 1 /INPUT 1 "rst";
    .port_info 2 /INPUT 1 "writeEnable";
    .port_info 3 /INPUT 1 "flush";
    .port_info 4 /INPUT 1 "regWrite_in";
    .port_info 5 /INPUT 1 "memtoReg_in";
    .port_info 6 /INPUT 1 "memRead_in";
    .port_info 7 /INPUT 1 "memWrite_in";
    .port_info 8 /INPUT 2 "ALUOp_in";
    .port_info 9 /INPUT 1 "ALUSrc_in";
    .port_info 10 /INPUT 32 "pc_in";
    .port_info 11 /INPUT 32 "readData1_in";
    .port_info 12 /INPUT 32 "readData2_in";
    .port_info 13 /INPUT 32 "imm_in";
    .port_info 14 /INPUT 5 "rd_in";
    .port_info 15 /INPUT 5 "rs1_in";
    .port_info 16 /INPUT 5 "rs2_in";
    .port_info 17 /INPUT 3 "funct3_in";
    .port_info 18 /INPUT 1 "funct7b5_in";
    .port_info 19 /INPUT 1 "branch_in";
    .port_info 20 /OUTPUT 1 "branch_out";
    .port_info 21 /OUTPUT 1 "regWrite_out";
    .port_info 22 /OUTPUT 1 "memtoReg_out";
    .port_info 23 /OUTPUT 1 "memRead_out";
    .port_info 24 /OUTPUT 1 "memWrite_out";
    .port_info 25 /OUTPUT 2 "ALUOp_out";
    .port_info 26 /OUTPUT 1 "ALUSrc_out";
    .port_info 27 /OUTPUT 32 "pc_out";
    .port_info 28 /OUTPUT 32 "readData1_out";
    .port_info 29 /OUTPUT 32 "readData2_out";
    .port_info 30 /OUTPUT 32 "imm_out";
    .port_info 31 /OUTPUT 5 "rd_out";
    .port_info 32 /OUTPUT 5 "rs1_out";
    .port_info 33 /OUTPUT 5 "rs2_out";
    .port_info 34 /OUTPUT 3 "funct3_out";
    .port_info 35 /OUTPUT 1 "funct7b5_out";
v0x141e53f20_0 .net "ALUOp_in", 1 0, v0x141e56c70_0;  alias, 1 drivers
v0x141e53fc0_0 .var "ALUOp_out", 1 0;
v0x141e54060_0 .net "ALUSrc_in", 0 0, v0x141e56d20_0;  alias, 1 drivers
v0x141e540f0_0 .var "ALUSrc_out", 0 0;
v0x141e54180_0 .net "branch_in", 0 0, v0x141e56dd0_0;  alias, 1 drivers
v0x141e54260_0 .var "branch_out", 0 0;
v0x141e54300_0 .net "clk", 0 0, v0x141e60900_0;  alias, 1 drivers
v0x141e54390_0 .net "flush", 0 0, L_0x141e63680;  alias, 1 drivers
v0x141e54420_0 .net "funct3_in", 2 0, L_0x141e62ad0;  1 drivers
v0x141e54550_0 .var "funct3_out", 2 0;
v0x141e54610_0 .net "funct7b5_in", 0 0, L_0x141e62b70;  1 drivers
v0x141e546a0_0 .var "funct7b5_out", 0 0;
v0x141e54730_0 .net "imm_in", 31 0, v0x141e57760_0;  alias, 1 drivers
v0x141e547c0_0 .var "imm_out", 31 0;
v0x141e54860_0 .net "memRead_in", 0 0, v0x141e57000_0;  alias, 1 drivers
v0x141e54900_0 .var "memRead_out", 0 0;
v0x141e549d0_0 .net "memWrite_in", 0 0, v0x141e57090_0;  alias, 1 drivers
v0x141e54b60_0 .var "memWrite_out", 0 0;
v0x141e54c10_0 .net "memtoReg_in", 0 0, v0x141e57140_0;  alias, 1 drivers
v0x141e54ca0_0 .var "memtoReg_out", 0 0;
v0x141e54d30_0 .net "pc_in", 31 0, v0x141e561d0_0;  alias, 1 drivers
v0x141e54dc0_0 .var "pc_out", 31 0;
v0x141e54e50_0 .net "rd_in", 4 0, L_0x141e61c40;  alias, 1 drivers
v0x141e54ee0_0 .var "rd_out", 4 0;
v0x141e54fb0_0 .net "readData1_in", 31 0, v0x141e60000_0;  1 drivers
v0x141e55050_0 .var "readData1_out", 31 0;
v0x141e55100_0 .net "readData2_in", 31 0, v0x141e60090_0;  1 drivers
v0x141e551b0_0 .var "readData2_out", 31 0;
v0x141e55250_0 .net "regWrite_in", 0 0, v0x141e57300_0;  alias, 1 drivers
v0x141e552e0_0 .var "regWrite_out", 0 0;
v0x141e55390_0 .net "rs1_in", 4 0, L_0x141e61980;  alias, 1 drivers
v0x141e55440_0 .var "rs1_out", 4 0;
v0x141e554f0_0 .net "rs2_in", 4 0, L_0x141e61aa0;  alias, 1 drivers
v0x141e54a80_0 .var "rs2_out", 4 0;
v0x141e55780_0 .net "rst", 0 0, v0x141e60a90_0;  alias, 1 drivers
v0x141e55810_0 .net "writeEnable", 0 0, L_0x141e63590;  alias, 1 drivers
S_0x141e55be0 .scope module, "if_id_reg" "IF_ID_PipelineReg" 4 63, 12 1 0, S_0x141e4f1d0;
 .timescale 0 0;
    .port_info 0 /INPUT 1 "clk";
    .port_info 1 /INPUT 1 "rst";
    .port_info 2 /INPUT 1 "if_id_write";
    .port_info 3 /INPUT 1 "flush";
    .port_info 4 /INPUT 32 "pc_in";
    .port_info 5 /INPUT 32 "instr_in";
    .port_info 6 /OUTPUT 32 "pc_out";
    .port_info 7 /OUTPUT 32 "instr_out";
v0x141e53b30_0 .net "clk", 0 0, v0x141e60900_0;  alias, 1 drivers
v0x141e55e60_0 .net "flush", 0 0, L_0x141e637a0;  alias, 1 drivers
v0x141e55f00_0 .net "if_id_write", 0 0, L_0x141e634a0;  alias, 1 drivers
v0x141e55f90_0 .net "instr_in", 31 0, L_0x141e61720;  alias, 1 drivers
v0x141e56040_0 .var "instr_out", 31 0;
v0x141e56130_0 .net "pc_in", 31 0, v0x141e5fab0_0;  alias, 1 drivers
v0x141e561d0_0 .var "pc_out", 31 0;
v0x141e56280_0 .net "rst", 0 0, v0x141e60a90_0;  alias, 1 drivers
S_0x141e56400 .scope module, "m_Control" "Control" 4 88, 13 1 0, S_0x141e4f1d0;
 .timescale 0 0;
    .port_info 0 /INPUT 7 "opcode";
    .port_info 1 /INPUT 3 "funct3";
    .port_info 2 /OUTPUT 1 "branch";
    .port_info 3 /OUTPUT 1 "memRead";
    .port_info 4 /OUTPUT 1 "memtoReg";
    .port_info 5 /OUTPUT 2 "ALUOp";
    .port_info 6 /OUTPUT 1 "memWrite";
    .port_info 7 /OUTPUT 1 "ALUSrc";
    .port_info 8 /OUTPUT 1 "regWrite";
    .port_info 9 /OUTPUT 1 "jump";
P_0x141e56640 .param/l "OP_AUIPC" 1 13 23, C4<0010111>;
P_0x141e56680 .param/l "OP_BRANCH" 1 13 19, C4<1100011>;
P_0x141e566c0 .param/l "OP_ITYPE" 1 13 16, C4<0010011>;
P_0x141e56700 .param/l "OP_JAL" 1 13 20, C4<1101111>;
P_0x141e56740 .param/l "OP_JALR" 1 13 21, C4<1100111>;
P_0x141e56780 .param/l "OP_LOAD" 1 13 17, C4<0000011>;
P_0x141e567c0 .param/l "OP_LUI" 1 13 22, C4<0110111>;
P_0x141e56800 .param/l "OP_RTYPE" 1 13 15, C4<0110011>;
P_0x141e56840 .param/l "OP_STORE" 1 13 18, C4<0100011>;
v0x141e56c70_0 .var "ALUOp", 1 0;
v0x141e56d20_0 .var "ALUSrc", 0 0;
v0x141e56dd0_0 .var "branch", 0 0;
v0x141e56ea0_0 .net "funct3", 2 0, L_0x141e61d80;  1 drivers
v0x141e56f30_0 .var "jump", 0 0;
v0x141e57000_0 .var "memRead", 0 0;
v0x141e57090_0 .var "memWrite", 0 0;
v0x141e57140_0 .var "memtoReg", 0 0;
v0x141e571f0_0 .net "opcode", 6 0, L_0x141e61ce0;  1 drivers
v0x141e57300_0 .var "regWrite", 0 0;
E_0x141e56c10 .event anyedge, v0x141e571f0_0, v0x141e56ea0_0;
S_0x141e57430 .scope module, "m_ImmGen" "ImmGen" 4 116, 14 1 0, S_0x141e4f1d0;
 .timescale 0 0;
    .port_info 0 /INPUT 32 "instruction";
    .port_info 1 /OUTPUT 32 "imm";
P_0x141e575a0 .param/l "Width" 0 14 1, +C4<00000000000000000000000000100000>;
v0x141e57760_0 .var "imm", 31 0;
v0x141e57830_0 .net "instruction", 31 0, v0x141e56040_0;  alias, 1 drivers
v0x141e578c0_0 .net "opcode", 6 0, L_0x141e62930;  1 drivers
E_0x141e57700 .event anyedge, v0x141e578c0_0, v0x141e56040_0;
L_0x141e62930 .part v0x141e56040_0, 0, 7;
S_0x141e57950 .scope module, "m_InstMem" "InstructionMemory" 4 47, 15 1 0, S_0x141e4f1d0;
 .timescale 0 0;
    .port_info 0 /INPUT 32 "readAddr";
    .port_info 1 /OUTPUT 32 "inst";
L_0x138040010 .functor BUFT 1, C4<00000000000000000000000010000000>, C4<0>, C4<0>, C4<0>;
v0x141e57b40_0 .net/2u *"_ivl_0", 31 0, L_0x138040010;  1 drivers
L_0x1380400a0 .functor BUFT 1, C4<00000000000000000000000000000001>, C4<0>, C4<0>, C4<0>;
v0x141e57bf0_0 .net/2u *"_ivl_10", 31 0, L_0x1380400a0;  1 drivers
v0x141e57ca0_0 .net *"_ivl_12", 31 0, L_0x141e60f70;  1 drivers
v0x141e57d60_0 .net *"_ivl_14", 7 0, L_0x141e610b0;  1 drivers
L_0x1380400e8 .functor BUFT 1, C4<00000000000000000000000000000010>, C4<0>, C4<0>, C4<0>;
v0x141e57e10_0 .net/2u *"_ivl_16", 31 0, L_0x1380400e8;  1 drivers
v0x141e57f00_0 .net *"_ivl_18", 31 0, L_0x141e61170;  1 drivers
v0x141e57fb0_0 .net *"_ivl_2", 0 0, L_0x141e60c70;  1 drivers
v0x141e58050_0 .net *"_ivl_20", 7 0, L_0x141e613b0;  1 drivers
L_0x138040130 .functor BUFT 1, C4<00000000000000000000000000000011>, C4<0>, C4<0>, C4<0>;
v0x141e58100_0 .net/2u *"_ivl_22", 31 0, L_0x138040130;  1 drivers
v0x141e58210_0 .net *"_ivl_24", 31 0, L_0x141e61450;  1 drivers
v0x141e582c0_0 .net *"_ivl_26", 31 0, L_0x141e61550;  1 drivers
L_0x138040058 .functor BUFT 1, C4<00000000000000000000000000000000>, C4<0>, C4<0>, C4<0>;
v0x141e58370_0 .net/2u *"_ivl_4", 31 0, L_0x138040058;  1 drivers
v0x141e58420_0 .net *"_ivl_6", 7 0, L_0x141e60d70;  1 drivers
v0x141e584d0_0 .net *"_ivl_8", 7 0, L_0x141e60e30;  1 drivers
v0x141e58580_0 .net "inst", 31 0, L_0x141e61720;  alias, 1 drivers
v0x141e58640 .array "insts", 0 127, 7 0;
v0x141e586d0_0 .net "readAddr", 31 0, v0x141e5fab0_0;  alias, 1 drivers
L_0x141e60c70 .cmp/ge 32, v0x141e5fab0_0, L_0x138040010;
L_0x141e60d70 .array/port v0x141e58640, v0x141e5fab0_0;
L_0x141e60e30 .array/port v0x141e58640, L_0x141e60f70;
L_0x141e60f70 .arith/sum 32, v0x141e5fab0_0, L_0x1380400a0;
L_0x141e610b0 .array/port v0x141e58640, L_0x141e61170;
L_0x141e61170 .arith/sum 32, v0x141e5fab0_0, L_0x1380400e8;
L_0x141e613b0 .array/port v0x141e58640, L_0x141e61450;
L_0x141e61450 .arith/sum 32, v0x141e5fab0_0, L_0x138040130;
L_0x141e61550 .concat [ 8 8 8 8], L_0x141e613b0, L_0x141e610b0, L_0x141e60e30, L_0x141e60d70;
L_0x141e61720 .functor MUXZ 32, L_0x141e61550, L_0x138040058, L_0x141e60c70, C4<>;
S_0x141e588a0 .scope module, "mem_wb_reg" "MEM_WB_PipelineReg" 4 330, 16 1 0, S_0x141e4f1d0;
 .timescale 0 0;
    .port_info 0 /INPUT 1 "clk";
    .port_info 1 /INPUT 1 "rst";
    .port_info 2 /INPUT 1 "regWrite_in";
    .port_info 3 /INPUT 1 "memToReg_in";
    .port_info 4 /INPUT 32 "aluResult_in";
    .port_info 5 /INPUT 32 "memReadData_in";
    .port_info 6 /INPUT 5 "rd_in";
    .port_info 7 /OUTPUT 1 "regWrite_out";
    .port_info 8 /OUTPUT 1 "memToReg_out";
    .port_info 9 /OUTPUT 32 "aluResult_out";
    .port_info 10 /OUTPUT 32 "memReadData_out";
    .port_info 11 /OUTPUT 5 "rd_out";
v0x141e58b90_0 .net "aluResult_in", 31 0, v0x141e51bc0_0;  alias, 1 drivers
v0x141e58c20_0 .var "aluResult_out", 31 0;
v0x141e58cb0_0 .net "clk", 0 0, v0x141e60900_0;  alias, 1 drivers
v0x141e58d60_0 .net "memReadData_in", 31 0, L_0x141e63270;  alias, 1 drivers
v0x141e58df0_0 .var "memReadData_out", 31 0;
v0x141e58ee0_0 .net "memToReg_in", 0 0, v0x141e51f00_0;  alias, 1 drivers
v0x141e58f70_0 .var "memToReg_out", 0 0;
v0x141e59000_0 .net "rd_in", 4 0, v0x141e521f0_0;  alias, 1 drivers
v0x141e590e0_0 .var "rd_out", 4 0;
v0x141e59210_0 .net "regWrite_in", 0 0, v0x141e52340_0;  alias, 1 drivers
v0x141e592a0_0 .var "regWrite_out", 0 0;
v0x141e59330_0 .net "rst", 0 0, v0x141e60a90_0;  alias, 1 drivers
S_0x141e594b0 .scope module, "mux_wb" "Mux2to1" 4 351, 17 1 0, S_0x141e4f1d0;
 .timescale 0 0;
    .port_info 0 /INPUT 1 "sel";
    .port_info 1 /INPUT 32 "s0";
    .port_info 2 /INPUT 32 "s1";
    .port_info 3 /OUTPUT 32 "out";
P_0x141e59670 .param/l "size" 0 17 2, +C4<00000000000000000000000000100000>;
v0x141e597f0_0 .net/s "out", 31 0, L_0x141e632e0;  alias, 1 drivers
v0x141e59880_0 .net/s "s0", 31 0, v0x141e58c20_0;  alias, 1 drivers
v0x141e59910_0 .net/s "s1", 31 0, v0x141e58df0_0;  alias, 1 drivers
v0x141e599a0_0 .net "sel", 0 0, v0x141e58f70_0;  alias, 1 drivers
L_0x141e632e0 .functor MUXZ 32, v0x141e58c20_0, v0x141e58df0_0, v0x141e58f70_0, C4<>;
S_0x141e59a60 .scope module, "regFile" "Register" 4 102, 18 1 0, S_0x141e4f1d0;
 .timescale 0 0;
    .port_info 0 /INPUT 1 "clk";
    .port_info 1 /INPUT 1 "rst";
    .port_info 2 /INPUT 5 "readReg1_ID";
    .port_info 3 /INPUT 5 "readReg2_ID";
    .port_info 4 /OUTPUT 32 "readData1_ID";
    .port_info 5 /OUTPUT 32 "readData2_ID";
    .port_info 6 /INPUT 1 "regWrite_WB";
    .port_info 7 /INPUT 5 "writeReg_WB";
    .port_info 8 /INPUT 32 "writeData_WB";
v0x141e59d50_0 .net *"_ivl_0", 31 0, L_0x141e61e20;  1 drivers
v0x141e59e10_0 .net *"_ivl_10", 6 0, L_0x141e62080;  1 drivers
L_0x138040250 .functor BUFT 1, C4<00>, C4<0>, C4<0>, C4<0>;
v0x141e59eb0_0 .net *"_ivl_13", 1 0, L_0x138040250;  1 drivers
L_0x138040298 .functor BUFT 1, C4<00000000000000000000000000000000>, C4<0>, C4<0>, C4<0>;
v0x141e59f60_0 .net/2u *"_ivl_14", 31 0, L_0x138040298;  1 drivers
v0x141e5a010_0 .net *"_ivl_18", 31 0, L_0x141e623c0;  1 drivers
L_0x1380402e0 .functor BUFT 1, C4<000000000000000000000000000>, C4<0>, C4<0>, C4<0>;
v0x141e5a100_0 .net *"_ivl_21", 26 0, L_0x1380402e0;  1 drivers
L_0x138040328 .functor BUFT 1, C4<00000000000000000000000000000000>, C4<0>, C4<0>, C4<0>;
v0x141e5a1b0_0 .net/2u *"_ivl_22", 31 0, L_0x138040328;  1 drivers
v0x141e5a260_0 .net *"_ivl_24", 0 0, L_0x141e624a0;  1 drivers
v0x141e5a300_0 .net *"_ivl_26", 31 0, L_0x141e625c0;  1 drivers
v0x141e5a410_0 .net *"_ivl_28", 6 0, L_0x141e62660;  1 drivers
L_0x1380401c0 .functor BUFT 1, C4<000000000000000000000000000>, C4<0>, C4<0>, C4<0>;
v0x141e5a4c0_0 .net *"_ivl_3", 26 0, L_0x1380401c0;  1 drivers
L_0x138040370 .functor BUFT 1, C4<00>, C4<0>, C4<0>, C4<0>;
v0x141e5a570_0 .net *"_ivl_31", 1 0, L_0x138040370;  1 drivers
L_0x1380403b8 .functor BUFT 1, C4<00000000000000000000000000000000>, C4<0>, C4<0>, C4<0>;
v0x141e5a620_0 .net/2u *"_ivl_32", 31 0, L_0x1380403b8;  1 drivers
L_0x138040208 .functor BUFT 1, C4<00000000000000000000000000000000>, C4<0>, C4<0>, C4<0>;
v0x141e5a6d0_0 .net/2u *"_ivl_4", 31 0, L_0x138040208;  1 drivers
v0x141e5a780_0 .net *"_ivl_6", 0 0, L_0x141e61ec0;  1 drivers
v0x141e5a820_0 .net *"_ivl_8", 31 0, L_0x141e61fe0;  1 drivers
v0x141e5a8d0_0 .net "clk", 0 0, v0x141e60900_0;  alias, 1 drivers
v0x141e5aa60_0 .var/i "i", 31 0;
v0x141e5aaf0_0 .net "readData1_ID", 31 0, L_0x141e62220;  alias, 1 drivers
v0x141e5ab80_0 .net "readData2_ID", 31 0, L_0x141e62790;  alias, 1 drivers
v0x141e5ac30_0 .net "readReg1_ID", 4 0, L_0x141e61980;  alias, 1 drivers
v0x141e5acd0_0 .net "readReg2_ID", 4 0, L_0x141e61aa0;  alias, 1 drivers
v0x141e5adb0_0 .net "regWrite_WB", 0 0, v0x141e592a0_0;  alias, 1 drivers
v0x141e5ae80 .array "regs", 31 0, 31 0;
v0x141e5af10_0 .net "rst", 0 0, v0x141e60a90_0;  alias, 1 drivers
v0x141e5b020_0 .net "writeData_WB", 31 0, L_0x141e632e0;  alias, 1 drivers
v0x141e5b0b0_0 .net "writeReg_WB", 4 0, v0x141e590e0_0;  alias, 1 drivers
L_0x141e61e20 .concat [ 5 27 0 0], L_0x141e61980, L_0x1380401c0;
L_0x141e61ec0 .cmp/ne 32, L_0x141e61e20, L_0x138040208;
L_0x141e61fe0 .array/port v0x141e5ae80, L_0x141e62080;
L_0x141e62080 .concat [ 5 2 0 0], L_0x141e61980, L_0x138040250;
L_0x141e62220 .functor MUXZ 32, L_0x138040298, L_0x141e61fe0, L_0x141e61ec0, C4<>;
L_0x141e623c0 .concat [ 5 27 0 0], L_0x141e61aa0, L_0x1380402e0;
L_0x141e624a0 .cmp/ne 32, L_0x141e623c0, L_0x138040328;
L_0x141e625c0 .array/port v0x141e5ae80, L_0x141e62660;
L_0x141e62660 .concat [ 5 2 0 0], L_0x141e61aa0, L_0x138040370;
L_0x141e62790 .functor MUXZ 32, L_0x1380403b8, L_0x141e625c0, L_0x141e624a0, C4<>;
S_0x141e5b200 .scope module, "sh1" "ShiftLeftOne" 4 225, 19 1 0, S_0x141e4f1d0;
 .timescale 0 0;
    .port_info 0 /INPUT 32 "i";
    .port_info 1 /OUTPUT 32 "o";
v0x141e5b3a0_0 .net *"_ivl_2", 30 0, L_0x141e62c10;  1 drivers
L_0x138040400 .functor BUFT 1, C4<0>, C4<0>, C4<0>, C4<0>;
v0x141e5b450_0 .net *"_ivl_4", 0 0, L_0x138040400;  1 drivers
v0x141e5b500_0 .net/s "i", 31 0, v0x141e547c0_0;  alias, 1 drivers
v0x141e5b5d0_0 .net/s "o", 31 0, L_0x141e62cb0;  alias, 1 drivers
L_0x141e62c10 .part v0x141e547c0_0, 0, 31;
L_0x141e62cb0 .concat [ 1 31 0 0], L_0x138040400, L_0x141e62c10;
S_0x141e5b6a0 .scope module, "wmem" "WrapperMemory" 4 312, 20 1 0, S_0x141e4f1d0;
 .timescale 0 0;
    .port_info 0 /INPUT 1 "clk";
    .port_info 1 /INPUT 1 "rst";
    .port_info 2 /INPUT 1 "memWrite";
    .port_info 3 /INPUT 1 "memRead";
    .port_info 4 /INPUT 32 "address";
    .port_info 5 /INPUT 32 "writeData";
    .port_info 6 /INPUT 3 "funct3";
    .port_info 7 /OUTPUT 32 "readData";
L_0x141e63270 .functor BUFZ 32, v0x141e5cd30_0, C4<00000000000000000000000000000000>, C4<00000000000000000000000000000000>, C4<00000000000000000000000000000000>;
v0x141e5cb70_0 .net "address", 31 0, v0x141e51bc0_0;  alias, 1 drivers
v0x141e5cc00_0 .net "byteOffset", 1 0, L_0x141e631d0;  1 drivers
v0x141e5cca0_0 .net "clk", 0 0, v0x141e60900_0;  alias, 1 drivers
v0x141e5cd30_0 .var "finalReadData", 31 0;
v0x141e5cdc0_0 .net "funct3", 2 0, v0x141e54550_0;  alias, 1 drivers
v0x141e5cee0_0 .net "memRead", 0 0, v0x141e51d80_0;  alias, 1 drivers
v0x141e5cfb0_0 .net "memWrite", 0 0, v0x141e52040_0;  alias, 1 drivers
v0x141e5d040_0 .net "mem_read_data", 31 0, v0x141e5c8d0_0;  1 drivers
v0x141e5d0d0_0 .var "mem_write_data", 31 0;
v0x141e5d1e0_0 .var "mem_write_en", 0 0;
v0x141e5d270_0 .var "modifiedWord", 31 0;
v0x141e5d300_0 .net "readData", 31 0, L_0x141e63270;  alias, 1 drivers
v0x141e5d3b0_0 .net "rst", 0 0, v0x141e60a90_0;  alias, 1 drivers
v0x141e5d440_0 .net "writeData", 31 0, v0x141e52530_0;  alias, 1 drivers
E_0x141e5b960 .event anyedge, v0x141e51d80_0, v0x141e503d0_0, v0x141e5cc00_0, v0x141e5c8d0_0;
E_0x141e5b9c0/0 .event anyedge, v0x141e52530_0, v0x141e52040_0, v0x141e503d0_0, v0x141e5c8d0_0;
E_0x141e5b9c0/1 .event anyedge, v0x141e5cc00_0, v0x141e5d270_0;
E_0x141e5b9c0 .event/or E_0x141e5b9c0/0, E_0x141e5b9c0/1;
L_0x141e631d0 .part v0x141e51bc0_0, 0, 2;
S_0x141e5ba30 .scope module, "dataMem_inst" "DataMemory" 20 28, 21 1 0, S_0x141e5b6a0;
 .timescale 0 0;
    .port_info 0 /INPUT 1 "rst";
    .port_info 1 /INPUT 1 "clk";
    .port_info 2 /INPUT 1 "memWrite";
    .port_info 3 /INPUT 1 "memRead";
    .port_info 4 /INPUT 32 "address";
    .port_info 5 /INPUT 32 "writeData";
    .port_info 6 /OUTPUT 32 "readData";
v0x141e5bd40_0 .net "address", 31 0, v0x141e51bc0_0;  alias, 1 drivers
v0x141e5be30_0 .net "clk", 0 0, v0x141e60900_0;  alias, 1 drivers
v0x141e5bed0 .array "data_memory", 0 127, 7 0;
v0x141e5c750_0 .net "memRead", 0 0, v0x141e51d80_0;  alias, 1 drivers
v0x141e5c800_0 .net "memWrite", 0 0, v0x141e5d1e0_0;  1 drivers
v0x141e5c8d0_0 .var "readData", 31 0;
v0x141e5c980_0 .net "rst", 0 0, v0x141e60a90_0;  alias, 1 drivers
v0x141e5ca10_0 .net "writeData", 31 0, v0x141e5d0d0_0;  1 drivers
v0x141e5bed0_0 .array/port v0x141e5bed0, 0;
v0x141e5bed0_1 .array/port v0x141e5bed0, 1;
E_0x141e5bcf0/0 .event anyedge, v0x141e51d80_0, v0x141e51bc0_0, v0x141e5bed0_0, v0x141e5bed0_1;
v0x141e5bed0_2 .array/port v0x141e5bed0, 2;
v0x141e5bed0_3 .array/port v0x141e5bed0, 3;
v0x141e5bed0_4 .array/port v0x141e5bed0, 4;
v0x141e5bed0_5 .array/port v0x141e5bed0, 5;
E_0x141e5bcf0/1 .event anyedge, v0x141e5bed0_2, v0x141e5bed0_3, v0x141e5bed0_4, v0x141e5bed0_5;
v0x141e5bed0_6 .array/port v0x141e5bed0, 6;
v0x141e5bed0_7 .array/port v0x141e5bed0, 7;
v0x141e5bed0_8 .array/port v0x141e5bed0, 8;
v0x141e5bed0_9 .array/port v0x141e5bed0, 9;
E_0x141e5bcf0/2 .event anyedge, v0x141e5bed0_6, v0x141e5bed0_7, v0x141e5bed0_8, v0x141e5bed0_9;
v0x141e5bed0_10 .array/port v0x141e5bed0, 10;
v0x141e5bed0_11 .array/port v0x141e5bed0, 11;
v0x141e5bed0_12 .array/port v0x141e5bed0, 12;
v0x141e5bed0_13 .array/port v0x141e5bed0, 13;
E_0x141e5bcf0/3 .event anyedge, v0x141e5bed0_10, v0x141e5bed0_11, v0x141e5bed0_12, v0x141e5bed0_13;
v0x141e5bed0_14 .array/port v0x141e5bed0, 14;
v0x141e5bed0_15 .array/port v0x141e5bed0, 15;
v0x141e5bed0_16 .array/port v0x141e5bed0, 16;
v0x141e5bed0_17 .array/port v0x141e5bed0, 17;
E_0x141e5bcf0/4 .event anyedge, v0x141e5bed0_14, v0x141e5bed0_15, v0x141e5bed0_16, v0x141e5bed0_17;
v0x141e5bed0_18 .array/port v0x141e5bed0, 18;
v0x141e5bed0_19 .array/port v0x141e5bed0, 19;
v0x141e5bed0_20 .array/port v0x141e5bed0, 20;
v0x141e5bed0_21 .array/port v0x141e5bed0, 21;
E_0x141e5bcf0/5 .event anyedge, v0x141e5bed0_18, v0x141e5bed0_19, v0x141e5bed0_20, v0x141e5bed0_21;
v0x141e5bed0_22 .array/port v0x141e5bed0, 22;
v0x141e5bed0_23 .array/port v0x141e5bed0, 23;
v0x141e5bed0_24 .array/port v0x141e5bed0, 24;
v0x141e5bed0_25 .array/port v0x141e5bed0, 25;
E_0x141e5bcf0/6 .event anyedge, v0x141e5bed0_22, v0x141e5bed0_23, v0x141e5bed0_24, v0x141e5bed0_25;
v0x141e5bed0_26 .array/port v0x141e5bed0, 26;
v0x141e5bed0_27 .array/port v0x141e5bed0, 27;
v0x141e5bed0_28 .array/port v0x141e5bed0, 28;
v0x141e5bed0_29 .array/port v0x141e5bed0, 29;
E_0x141e5bcf0/7 .event anyedge, v0x141e5bed0_26, v0x141e5bed0_27, v0x141e5bed0_28, v0x141e5bed0_29;
v0x141e5bed0_30 .array/port v0x141e5bed0, 30;
v0x141e5bed0_31 .array/port v0x141e5bed0, 31;
v0x141e5bed0_32 .array/port v0x141e5bed0, 32;
v0x141e5bed0_33 .array/port v0x141e5bed0, 33;
E_0x141e5bcf0/8 .event anyedge, v0x141e5bed0_30, v0x141e5bed0_31, v0x141e5bed0_32, v0x141e5bed0_33;
v0x141e5bed0_34 .array/port v0x141e5bed0, 34;
v0x141e5bed0_35 .array/port v0x141e5bed0, 35;
v0x141e5bed0_36 .array/port v0x141e5bed0, 36;
v0x141e5bed0_37 .array/port v0x141e5bed0, 37;
E_0x141e5bcf0/9 .event anyedge, v0x141e5bed0_34, v0x141e5bed0_35, v0x141e5bed0_36, v0x141e5bed0_37;
v0x141e5bed0_38 .array/port v0x141e5bed0, 38;
v0x141e5bed0_39 .array/port v0x141e5bed0, 39;
v0x141e5bed0_40 .array/port v0x141e5bed0, 40;
v0x141e5bed0_41 .array/port v0x141e5bed0, 41;
E_0x141e5bcf0/10 .event anyedge, v0x141e5bed0_38, v0x141e5bed0_39, v0x141e5bed0_40, v0x141e5bed0_41;
v0x141e5bed0_42 .array/port v0x141e5bed0, 42;
v0x141e5bed0_43 .array/port v0x141e5bed0, 43;
v0x141e5bed0_44 .array/port v0x141e5bed0, 44;
v0x141e5bed0_45 .array/port v0x141e5bed0, 45;
E_0x141e5bcf0/11 .event anyedge, v0x141e5bed0_42, v0x141e5bed0_43, v0x141e5bed0_44, v0x141e5bed0_45;
v0x141e5bed0_46 .array/port v0x141e5bed0, 46;
v0x141e5bed0_47 .array/port v0x141e5bed0, 47;
v0x141e5bed0_48 .array/port v0x141e5bed0, 48;
v0x141e5bed0_49 .array/port v0x141e5bed0, 49;
E_0x141e5bcf0/12 .event anyedge, v0x141e5bed0_46, v0x141e5bed0_47, v0x141e5bed0_48, v0x141e5bed0_49;
v0x141e5bed0_50 .array/port v0x141e5bed0, 50;
v0x141e5bed0_51 .array/port v0x141e5bed0, 51;
v0x141e5bed0_52 .array/port v0x141e5bed0, 52;
v0x141e5bed0_53 .array/port v0x141e5bed0, 53;
E_0x141e5bcf0/13 .event anyedge, v0x141e5bed0_50, v0x141e5bed0_51, v0x141e5bed0_52, v0x141e5bed0_53;
v0x141e5bed0_54 .array/port v0x141e5bed0, 54;
v0x141e5bed0_55 .array/port v0x141e5bed0, 55;
v0x141e5bed0_56 .array/port v0x141e5bed0, 56;
v0x141e5bed0_57 .array/port v0x141e5bed0, 57;
E_0x141e5bcf0/14 .event anyedge, v0x141e5bed0_54, v0x141e5bed0_55, v0x141e5bed0_56, v0x141e5bed0_57;
v0x141e5bed0_58 .array/port v0x141e5bed0, 58;
v0x141e5bed0_59 .array/port v0x141e5bed0, 59;
v0x141e5bed0_60 .array/port v0x141e5bed0, 60;
v0x141e5bed0_61 .array/port v0x141e5bed0, 61;
E_0x141e5bcf0/15 .event anyedge, v0x141e5bed0_58, v0x141e5bed0_59, v0x141e5bed0_60, v0x141e5bed0_61;
v0x141e5bed0_62 .array/port v0x141e5bed0, 62;
v0x141e5bed0_63 .array/port v0x141e5bed0, 63;
v0x141e5bed0_64 .array/port v0x141e5bed0, 64;
v0x141e5bed0_65 .array/port v0x141e5bed0, 65;
E_0x141e5bcf0/16 .event anyedge, v0x141e5bed0_62, v0x141e5bed0_63, v0x141e5bed0_64, v0x141e5bed0_65;
v0x141e5bed0_66 .array/port v0x141e5bed0, 66;
v0x141e5bed0_67 .array/port v0x141e5bed0, 67;
v0x141e5bed0_68 .array/port v0x141e5bed0, 68;
v0x141e5bed0_69 .array/port v0x141e5bed0, 69;
E_0x141e5bcf0/17 .event anyedge, v0x141e5bed0_66, v0x141e5bed0_67, v0x141e5bed0_68, v0x141e5bed0_69;
v0x141e5bed0_70 .array/port v0x141e5bed0, 70;
v0x141e5bed0_71 .array/port v0x141e5bed0, 71;
v0x141e5bed0_72 .array/port v0x141e5bed0, 72;
v0x141e5bed0_73 .array/port v0x141e5bed0, 73;
E_0x141e5bcf0/18 .event anyedge, v0x141e5bed0_70, v0x141e5bed0_71, v0x141e5bed0_72, v0x141e5bed0_73;
v0x141e5bed0_74 .array/port v0x141e5bed0, 74;
v0x141e5bed0_75 .array/port v0x141e5bed0, 75;
v0x141e5bed0_76 .array/port v0x141e5bed0, 76;
v0x141e5bed0_77 .array/port v0x141e5bed0, 77;
E_0x141e5bcf0/19 .event anyedge, v0x141e5bed0_74, v0x141e5bed0_75, v0x141e5bed0_76, v0x141e5bed0_77;
v0x141e5bed0_78 .array/port v0x141e5bed0, 78;
v0x141e5bed0_79 .array/port v0x141e5bed0, 79;
v0x141e5bed0_80 .array/port v0x141e5bed0, 80;
v0x141e5bed0_81 .array/port v0x141e5bed0, 81;
E_0x141e5bcf0/20 .event anyedge, v0x141e5bed0_78, v0x141e5bed0_79, v0x141e5bed0_80, v0x141e5bed0_81;
v0x141e5bed0_82 .array/port v0x141e5bed0, 82;
v0x141e5bed0_83 .array/port v0x141e5bed0, 83;
v0x141e5bed0_84 .array/port v0x141e5bed0, 84;
v0x141e5bed0_85 .array/port v0x141e5bed0, 85;
E_0x141e5bcf0/21 .event anyedge, v0x141e5bed0_82, v0x141e5bed0_83, v0x141e5bed0_84, v0x141e5bed0_85;
v0x141e5bed0_86 .array/port v0x141e5bed0, 86;
v0x141e5bed0_87 .array/port v0x141e5bed0, 87;
v0x141e5bed0_88 .array/port v0x141e5bed0, 88;
v0x141e5bed0_89 .array/port v0x141e5bed0, 89;
E_0x141e5bcf0/22 .event anyedge, v0x141e5bed0_86, v0x141e5bed0_87, v0x141e5bed0_88, v0x141e5bed0_89;
v0x141e5bed0_90 .array/port v0x141e5bed0, 90;
v0x141e5bed0_91 .array/port v0x141e5bed0, 91;
v0x141e5bed0_92 .array/port v0x141e5bed0, 92;
v0x141e5bed0_93 .array/port v0x141e5bed0, 93;
E_0x141e5bcf0/23 .event anyedge, v0x141e5bed0_90, v0x141e5bed0_91, v0x141e5bed0_92, v0x141e5bed0_93;
v0x141e5bed0_94 .array/port v0x141e5bed0, 94;
v0x141e5bed0_95 .array/port v0x141e5bed0, 95;
v0x141e5bed0_96 .array/port v0x141e5bed0, 96;
v0x141e5bed0_97 .array/port v0x141e5bed0, 97;
E_0x141e5bcf0/24 .event anyedge, v0x141e5bed0_94, v0x141e5bed0_95, v0x141e5bed0_96, v0x141e5bed0_97;
v0x141e5bed0_98 .array/port v0x141e5bed0, 98;
v0x141e5bed0_99 .array/port v0x141e5bed0, 99;
v0x141e5bed0_100 .array/port v0x141e5bed0, 100;
v0x141e5bed0_101 .array/port v0x141e5bed0, 101;
E_0x141e5bcf0/25 .event anyedge, v0x141e5bed0_98, v0x141e5bed0_99, v0x141e5bed0_100, v0x141e5bed0_101;
v0x141e5bed0_102 .array/port v0x141e5bed0, 102;
v0x141e5bed0_103 .array/port v0x141e5bed0, 103;
v0x141e5bed0_104 .array/port v0x141e5bed0, 104;
v0x141e5bed0_105 .array/port v0x141e5bed0, 105;
E_0x141e5bcf0/26 .event anyedge, v0x141e5bed0_102, v0x141e5bed0_103, v0x141e5bed0_104, v0x141e5bed0_105;
v0x141e5bed0_106 .array/port v0x141e5bed0, 106;
v0x141e5bed0_107 .array/port v0x141e5bed0, 107;
v0x141e5bed0_108 .array/port v0x141e5bed0, 108;
v0x141e5bed0_109 .array/port v0x141e5bed0, 109;
E_0x141e5bcf0/27 .event anyedge, v0x141e5bed0_106, v0x141e5bed0_107, v0x141e5bed0_108, v0x141e5bed0_109;
v0x141e5bed0_110 .array/port v0x141e5bed0, 110;
v0x141e5bed0_111 .array/port v0x141e5bed0, 111;
v0x141e5bed0_112 .array/port v0x141e5bed0, 112;
v0x141e5bed0_113 .array/port v0x141e5bed0, 113;
E_0x141e5bcf0/28 .event anyedge, v0x141e5bed0_110, v0x141e5bed0_111, v0x141e5bed0_112, v0x141e5bed0_113;
v0x141e5bed0_114 .array/port v0x141e5bed0, 114;
v0x141e5bed0_115 .array/port v0x141e5bed0, 115;
v0x141e5bed0_116 .array/port v0x141e5bed0, 116;
v0x141e5bed0_117 .array/port v0x141e5bed0, 117;
E_0x141e5bcf0/29 .event anyedge, v0x141e5bed0_114, v0x141e5bed0_115, v0x141e5bed0_116, v0x141e5bed0_117;
v0x141e5bed0_118 .array/port v0x141e5bed0, 118;
v0x141e5bed0_119 .array/port v0x141e5bed0, 119;
v0x141e5bed0_120 .array/port v0x141e5bed0, 120;
v0x141e5bed0_121 .array/port v0x141e5bed0, 121;
E_0x141e5bcf0/30 .event anyedge, v0x141e5bed0_118, v0x141e5bed0_119, v0x141e5bed0_120, v0x141e5bed0_121;
v0x141e5bed0_122 .array/port v0x141e5bed0, 122;
v0x141e5bed0_123 .array/port v0x141e5bed0, 123;
v0x141e5bed0_124 .array/port v0x141e5bed0, 124;
v0x141e5bed0_125 .array/port v0x141e5bed0, 125;
E_0x141e5bcf0/31 .event anyedge, v0x141e5bed0_122, v0x141e5bed0_123, v0x141e5bed0_124, v0x141e5bed0_125;
v0x141e5bed0_126 .array/port v0x141e5bed0, 126;
v0x141e5bed0_127 .array/port v0x141e5bed0, 127;
E_0x141e5bcf0/32 .event anyedge, v0x141e5bed0_126, v0x141e5bed0_127;
E_0x141e5bcf0 .event/or E_0x141e5bcf0/0, E_0x141e5bcf0/1, E_0x141e5bcf0/2, E_0x141e5bcf0/3, E_0x141e5bcf0/4, E_0x141e5bcf0/5, E_0x141e5bcf0/6, E_0x141e5bcf0/7, E_0x141e5bcf0/8, E_0x141e5bcf0/9, E_0x141e5bcf0/10, E_0x141e5bcf0/11, E_0x141e5bcf0/12, E_0x141e5bcf0/13, E_0x141e5bcf0/14, E_0x141e5bcf0/15, E_0x141e5bcf0/16, E_0x141e5bcf0/17, E_0x141e5bcf0/18, E_0x141e5bcf0/19, E_0x141e5bcf0/20, E_0x141e5bcf0/21, E_0x141e5bcf0/22, E_0x141e5bcf0/23, E_0x141e5bcf0/24, E_0x141e5bcf0/25, E_0x141e5bcf0/26, E_0x141e5bcf0/27, E_0x141e5bcf0/28, E_0x141e5bcf0/29, E_0x141e5bcf0/30, E_0x141e5bcf0/31, E_0x141e5bcf0/32;
    .scope S_0x141e1da50;
T_1 ;
    %wait E_0x141e06680;
    %load/vec4 v0x141e4f0d0_0;
    %inv;
    %flag_set/vec4 8;
    %jmp/0xz  T_1.0, 8;
    %pushi/vec4 0, 0, 32;
    %assign/vec4 v0x141e4f020_0, 0;
    %jmp T_1.1;
T_1.0 ;
    %load/vec4 v0x141e4ef80_0;
    %assign/vec4 v0x141e4f020_0, 0;
T_1.1 ;
    %jmp T_1;
    .thread T_1;
    .scope S_0x141e57950;
T_2 ;
    %pushi/vec4 0, 0, 8;
    %ix/load 4, 0, 0;
    %flag_set/imm 4, 0;
    %store/vec4a v0x141e58640, 4, 0;
    %pushi/vec4 0, 0, 8;
    %ix/load 4, 1, 0;
    %flag_set/imm 4, 0;
    %store/vec4a v0x141e58640, 4, 0;
    %pushi/vec4 0, 0, 8;
    %ix/load 4, 2, 0;
    %flag_set/imm 4, 0;
    %store/vec4a v0x141e58640, 4, 0;
    %pushi/vec4 0, 0, 8;
    %ix/load 4, 3, 0;
    %flag_set/imm 4, 0;
    %store/vec4a v0x141e58640, 4, 0;
    %pushi/vec4 0, 0, 8;
    %ix/load 4, 4, 0;
    %flag_set/imm 4, 0;
    %store/vec4a v0x141e58640, 4, 0;
    %pushi/vec4 0, 0, 8;
    %ix/load 4, 5, 0;
    %flag_set/imm 4, 0;
    %store/vec4a v0x141e58640, 4, 0;
    %pushi/vec4 0, 0, 8;
    %ix/load 4, 6, 0;
    %flag_set/imm 4, 0;
    %store/vec4a v0x141e58640, 4, 0;
    %pushi/vec4 0, 0, 8;
    %ix/load 4, 7, 0;
    %flag_set/imm 4, 0;
    %store/vec4a v0x141e58640, 4, 0;
    %pushi/vec4 0, 0, 8;
    %ix/load 4, 8, 0;
    %flag_set/imm 4, 0;
    %store/vec4a v0x141e58640, 4, 0;
    %pushi/vec4 0, 0, 8;
    %ix/load 4, 9, 0;
    %flag_set/imm 4, 0;
    %store/vec4a v0x141e58640, 4, 0;
    %pushi/vec4 0, 0, 8;
    %ix/load 4, 10, 0;
    %flag_set/imm 4, 0;
    %store/vec4a v0x141e58640, 4, 0;
    %pushi/vec4 0, 0, 8;
    %ix/load 4, 11, 0;
    %flag_set/imm 4, 0;
    %store/vec4a v0x141e58640, 4, 0;
    %pushi/vec4 0, 0, 8;
    %ix/load 4, 12, 0;
    %flag_set/imm 4, 0;
    %store/vec4a v0x141e58640, 4, 0;
    %pushi/vec4 0, 0, 8;
    %ix/load 4, 13, 0;
    %flag_set/imm 4, 0;
    %store/vec4a v0x141e58640, 4, 0;
    %pushi/vec4 0, 0, 8;
    %ix/load 4, 14, 0;
    %flag_set/imm 4, 0;
    %store/vec4a v0x141e58640, 4, 0;
    %pushi/vec4 0, 0, 8;
    %ix/load 4, 15, 0;
    %flag_set/imm 4, 0;
    %store/vec4a v0x141e58640, 4, 0;
    %pushi/vec4 0, 0, 8;
    %ix/load 4, 16, 0;
    %flag_set/imm 4, 0;
    %store/vec4a v0x141e58640, 4, 0;
    %pushi/vec4 0, 0, 8;
    %ix/load 4, 17, 0;
    %flag_set/imm 4, 0;
    %store/vec4a v0x141e58640, 4, 0;
    %pushi/vec4 0, 0, 8;
    %ix/load 4, 18, 0;
    %flag_set/imm 4, 0;
    %store/vec4a v0x141e58640, 4, 0;
    %pushi/vec4 0, 0, 8;
    %ix/load 4, 19, 0;
    %flag_set/imm 4, 0;
    %store/vec4a v0x141e58640, 4, 0;
    %pushi/vec4 0, 0, 8;
    %ix/load 4, 20, 0;
    %flag_set/imm 4, 0;
    %store/vec4a v0x141e58640, 4, 0;
    %pushi/vec4 0, 0, 8;
    %ix/load 4, 21, 0;
    %flag_set/imm 4, 0;
    %store/vec4a v0x141e58640, 4, 0;
    %pushi/vec4 0, 0, 8;
    %ix/load 4, 22, 0;
    %flag_set/imm 4, 0;
    %store/vec4a v0x141e58640, 4, 0;
    %pushi/vec4 0, 0, 8;
    %ix/load 4, 23, 0;
    %flag_set/imm 4, 0;
    %store/vec4a v0x141e58640, 4, 0;
    %pushi/vec4 0, 0, 8;
    %ix/load 4, 24, 0;
    %flag_set/imm 4, 0;
    %store/vec4a v0x141e58640, 4, 0;
    %pushi/vec4 0, 0, 8;
    %ix/load 4, 25, 0;
    %flag_set/imm 4, 0;
    %store/vec4a v0x141e58640, 4, 0;
    %pushi/vec4 0, 0, 8;
    %ix/load 4, 26, 0;
    %flag_set/imm 4, 0;
    %store/vec4a v0x141e58640, 4, 0;
    %pushi/vec4 0, 0, 8;
    %ix/load 4, 27, 0;
    %flag_set/imm 4, 0;
    %store/vec4a v0x141e58640, 4, 0;
    %pushi/vec4 0, 0, 8;
    %ix/load 4, 28, 0;
    %flag_set/imm 4, 0;
    %store/vec4a v0x141e58640, 4, 0;
    %pushi/vec4 0, 0, 8;
    %ix/load 4, 29, 0;
    %flag_set/imm 4, 0;
    %store/vec4a v0x141e58640, 4, 0;
    %pushi/vec4 0, 0, 8;
    %ix/load 4, 30, 0;
    %flag_set/imm 4, 0;
    %store/vec4a v0x141e58640, 4, 0;
    %pushi/vec4 0, 0, 8;
    %ix/load 4, 31, 0;
    %flag_set/imm 4, 0;
    %store/vec4a v0x141e58640, 4, 0;
    %vpi_call 15 21 "$readmemb", "TEST_INSTRUCTIONS.dat", v0x141e58640, 32'sb00000000000000000000000000000000, 32'sb00000000000000000000000001111111 {0 0 0};
    %end;
    .thread T_2;
    .scope S_0x141e55be0;
T_3 ;
    %wait E_0x141e51ab0;
    %load/vec4 v0x141e56280_0;
    %nor/r;
    %flag_set/vec4 8;
    %jmp/0xz  T_3.0, 8;
    %pushi/vec4 0, 0, 32;
    %assign/vec4 v0x141e561d0_0, 0;
    %pushi/vec4 0, 0, 32;
    %assign/vec4 v0x141e56040_0, 0;
    %jmp T_3.1;
T_3.0 ;
    %load/vec4 v0x141e55e60_0;
    %flag_set/vec4 8;
    %jmp/0xz  T_3.2, 8;
    %pushi/vec4 0, 0, 32;
    %assign/vec4 v0x141e561d0_0, 0;
    %pushi/vec4 0, 0, 32;
    %assign/vec4 v0x141e56040_0, 0;
    %jmp T_3.3;
T_3.2 ;
    %load/vec4 v0x141e55f00_0;
    %flag_set/vec4 8;
    %jmp/0xz  T_3.4, 8;
    %load/vec4 v0x141e56130_0;
    %assign/vec4 v0x141e561d0_0, 0;
    %load/vec4 v0x141e55f90_0;
    %assign/vec4 v0x141e56040_0, 0;
T_3.4 ;
T_3.3 ;
T_3.1 ;
    %jmp T_3;
    .thread T_3;
    .scope S_0x141e56400;
T_4 ;
    %wait E_0x141e56c10;
    %pushi/vec4 0, 0, 1;
    %store/vec4 v0x141e56dd0_0, 0, 1;
    %pushi/vec4 0, 0, 1;
    %store/vec4 v0x141e57000_0, 0, 1;
    %pushi/vec4 0, 0, 1;
    %store/vec4 v0x141e57140_0, 0, 1;
    %pushi/vec4 0, 0, 1;
    %store/vec4 v0x141e57090_0, 0, 1;
    %pushi/vec4 0, 0, 1;
    %store/vec4 v0x141e56d20_0, 0, 1;
    %pushi/vec4 0, 0, 1;
    %store/vec4 v0x141e57300_0, 0, 1;
    %pushi/vec4 0, 0, 1;
    %store/vec4 v0x141e56f30_0, 0, 1;
    %pushi/vec4 0, 0, 2;
    %store/vec4 v0x141e56c70_0, 0, 2;
    %load/vec4 v0x141e571f0_0;
    %dup/vec4;
    %pushi/vec4 51, 0, 7;
    %cmp/u;
    %jmp/1 T_4.0, 6;
    %dup/vec4;
    %pushi/vec4 19, 0, 7;
    %cmp/u;
    %jmp/1 T_4.1, 6;
    %dup/vec4;
    %pushi/vec4 3, 0, 7;
    %cmp/u;
    %jmp/1 T_4.2, 6;
    %dup/vec4;
    %pushi/vec4 35, 0, 7;
    %cmp/u;
    %jmp/1 T_4.3, 6;
    %dup/vec4;
    %pushi/vec4 99, 0, 7;
    %cmp/u;
    %jmp/1 T_4.4, 6;
    %dup/vec4;
    %pushi/vec4 111, 0, 7;
    %cmp/u;
    %jmp/1 T_4.5, 6;
    %dup/vec4;
    %pushi/vec4 103, 0, 7;
    %cmp/u;
    %jmp/1 T_4.6, 6;
    %dup/vec4;
    %pushi/vec4 55, 0, 7;
    %cmp/u;
    %jmp/1 T_4.7, 6;
    %dup/vec4;
    %pushi/vec4 23, 0, 7;
    %cmp/u;
    %jmp/1 T_4.8, 6;
    %jmp T_4.10;
T_4.0 ;
    %pushi/vec4 1, 0, 1;
    %store/vec4 v0x141e57300_0, 0, 1;
    %pushi/vec4 0, 0, 1;
    %store/vec4 v0x141e56d20_0, 0, 1;
    %pushi/vec4 2, 0, 2;
    %store/vec4 v0x141e56c70_0, 0, 2;
    %jmp T_4.10;
T_4.1 ;
    %pushi/vec4 1, 0, 1;
    %store/vec4 v0x141e57300_0, 0, 1;
    %pushi/vec4 1, 0, 1;
    %store/vec4 v0x141e56d20_0, 0, 1;
    %load/vec4 v0x141e56ea0_0;
    %cmpi/e 0, 0, 3;
    %jmp/0xz  T_4.11, 4;
    %pushi/vec4 0, 0, 2;
    %store/vec4 v0x141e56c70_0, 0, 2;
    %jmp T_4.12;
T_4.11 ;
    %pushi/vec4 2, 0, 2;
    %store/vec4 v0x141e56c70_0, 0, 2;
T_4.12 ;
    %jmp T_4.10;
T_4.2 ;
    %pushi/vec4 1, 0, 1;
    %store/vec4 v0x141e57300_0, 0, 1;
    %pushi/vec4 1, 0, 1;
    %store/vec4 v0x141e57000_0, 0, 1;
    %pushi/vec4 1, 0, 1;
    %store/vec4 v0x141e57140_0, 0, 1;
    %pushi/vec4 1, 0, 1;
    %store/vec4 v0x141e56d20_0, 0, 1;
    %jmp T_4.10;
T_4.3 ;
    %pushi/vec4 1, 0, 1;
    %store/vec4 v0x141e57090_0, 0, 1;
    %pushi/vec4 1, 0, 1;
    %store/vec4 v0x141e56d20_0, 0, 1;
    %jmp T_4.10;
T_4.4 ;
    %pushi/vec4 1, 0, 1;
    %store/vec4 v0x141e56dd0_0, 0, 1;
    %pushi/vec4 0, 0, 1;
    %store/vec4 v0x141e56d20_0, 0, 1;
    %pushi/vec4 1, 0, 2;
    %store/vec4 v0x141e56c70_0, 0, 2;
    %jmp T_4.10;
T_4.5 ;
    %pushi/vec4 1, 0, 1;
    %store/vec4 v0x141e56f30_0, 0, 1;
    %pushi/vec4 1, 0, 1;
    %store/vec4 v0x141e57300_0, 0, 1;
    %pushi/vec4 0, 0, 1;
    %store/vec4 v0x141e56d20_0, 0, 1;
    %jmp T_4.10;
T_4.6 ;
    %pushi/vec4 1, 0, 1;
    %store/vec4 v0x141e56f30_0, 0, 1;
    %pushi/vec4 1, 0, 1;
    %store/vec4 v0x141e57300_0, 0, 1;
    %pushi/vec4 1, 0, 1;
    %store/vec4 v0x141e56d20_0, 0, 1;
    %jmp T_4.10;
T_4.7 ;
    %pushi/vec4 1, 0, 1;
    %store/vec4 v0x141e57300_0, 0, 1;
    %pushi/vec4 1, 0, 1;
    %store/vec4 v0x141e56d20_0, 0, 1;
    %jmp T_4.10;
T_4.8 ;
    %pushi/vec4 1, 0, 1;
    %store/vec4 v0x141e57300_0, 0, 1;
    %pushi/vec4 1, 0, 1;
    %store/vec4 v0x141e56d20_0, 0, 1;
    %jmp T_4.10;
T_4.10 ;
    %pop/vec4 1;
    %jmp T_4;
    .thread T_4, $push;
    .scope S_0x141e59a60;
T_5 ;
    %wait E_0x141e51ab0;
    %load/vec4 v0x141e5af10_0;
    %inv;
    %flag_set/vec4 8;
    %jmp/0xz  T_5.0, 8;
    %pushi/vec4 0, 0, 32;
    %store/vec4 v0x141e5aa60_0, 0, 32;
T_5.2 ;
    %load/vec4 v0x141e5aa60_0;
    %cmpi/s 32, 0, 32;
    %jmp/0xz T_5.3, 5;
    %load/vec4 v0x141e5aa60_0;
    %cmpi/e 2, 0, 32;
    %flag_mov 8, 4;
    %jmp/0 T_5.4, 8;
    %pushi/vec4 128, 0, 32;
    %jmp/1 T_5.5, 8;
T_5.4 ; End of true expr.
    %pushi/vec4 0, 0, 32;
    %jmp/0 T_5.5, 8;
 ; End of false expr.
    %blend;
T_5.5;
    %ix/getv/s 3, v0x141e5aa60_0;
    %ix/load 4, 0, 0; Constant delay
    %assign/vec4/a/d v0x141e5ae80, 0, 4;
    %load/vec4 v0x141e5aa60_0;
    %addi 1, 0, 32;
    %store/vec4 v0x141e5aa60_0, 0, 32;
    %jmp T_5.2;
T_5.3 ;
    %jmp T_5.1;
T_5.0 ;
    %load/vec4 v0x141e5adb0_0;
    %flag_set/vec4 9;
    %flag_get/vec4 9;
    %jmp/0 T_5.8, 9;
    %load/vec4 v0x141e5b0b0_0;
    %pad/u 32;
    %pushi/vec4 0, 0, 32;
    %cmp/ne;
    %flag_get/vec4 4;
    %and;
T_5.8;
    %flag_set/vec4 8;
    %jmp/0xz  T_5.6, 8;
    %load/vec4 v0x141e5b020_0;
    %load/vec4 v0x141e5b0b0_0;
    %pad/u 7;
    %ix/vec4 3;
    %ix/load 4, 0, 0; Constant delay
    %assign/vec4/a/d v0x141e5ae80, 0, 4;
T_5.6 ;
T_5.1 ;
    %jmp T_5;
    .thread T_5;
    .scope S_0x141e57430;
T_6 ;
    %wait E_0x141e57700;
    %load/vec4 v0x141e578c0_0;
    %dup/vec4;
    %pushi/vec4 3, 0, 7;
    %cmp/u;
    %jmp/1 T_6.0, 6;
    %dup/vec4;
    %pushi/vec4 19, 0, 7;
    %cmp/u;
    %jmp/1 T_6.1, 6;
    %dup/vec4;
    %pushi/vec4 103, 0, 7;
    %cmp/u;
    %jmp/1 T_6.2, 6;
    %dup/vec4;
    %pushi/vec4 35, 0, 7;
    %cmp/u;
    %jmp/1 T_6.3, 6;
    %dup/vec4;
    %pushi/vec4 99, 0, 7;
    %cmp/u;
    %jmp/1 T_6.4, 6;
    %dup/vec4;
    %pushi/vec4 55, 0, 7;
    %cmp/u;
    %jmp/1 T_6.5, 6;
    %dup/vec4;
    %pushi/vec4 23, 0, 7;
    %cmp/u;
    %jmp/1 T_6.6, 6;
    %dup/vec4;
    %pushi/vec4 111, 0, 7;
    %cmp/u;
    %jmp/1 T_6.7, 6;
    %pushi/vec4 0, 0, 32;
    %store/vec4 v0x141e57760_0, 0, 32;
    %jmp T_6.9;
T_6.0 ;
    %load/vec4 v0x141e57830_0;
    %parti/s 1, 31, 6;
    %replicate 20;
    %load/vec4 v0x141e57830_0;
    %parti/s 12, 20, 6;
    %concat/vec4; draw_concat_vec4
    %store/vec4 v0x141e57760_0, 0, 32;
    %jmp T_6.9;
T_6.1 ;
    %load/vec4 v0x141e57830_0;
    %parti/s 1, 31, 6;
    %replicate 20;
    %load/vec4 v0x141e57830_0;
    %parti/s 12, 20, 6;
    %concat/vec4; draw_concat_vec4
    %store/vec4 v0x141e57760_0, 0, 32;
    %jmp T_6.9;
T_6.2 ;
    %load/vec4 v0x141e57830_0;
    %parti/s 1, 31, 6;
    %replicate 20;
    %load/vec4 v0x141e57830_0;
    %parti/s 12, 20, 6;
    %concat/vec4; draw_concat_vec4
    %store/vec4 v0x141e57760_0, 0, 32;
    %jmp T_6.9;
T_6.3 ;
    %load/vec4 v0x141e57830_0;
    %parti/s 1, 31, 6;
    %replicate 20;
    %load/vec4 v0x141e57830_0;
    %parti/s 7, 25, 6;
    %concat/vec4; draw_concat_vec4
    %load/vec4 v0x141e57830_0;
    %parti/s 5, 7, 4;
    %concat/vec4; draw_concat_vec4
    %store/vec4 v0x141e57760_0, 0, 32;
    %jmp T_6.9;
T_6.4 ;
    %load/vec4 v0x141e57830_0;
    %parti/s 1, 31, 6;
    %replicate 20;
    %load/vec4 v0x141e57830_0;
    %parti/s 1, 7, 4;
    %concat/vec4; draw_concat_vec4
    %load/vec4 v0x141e57830_0;
    %parti/s 6, 25, 6;
    %concat/vec4; draw_concat_vec4
    %load/vec4 v0x141e57830_0;
    %parti/s 4, 8, 5;
    %concat/vec4; draw_concat_vec4
    %pad/u 32;
    %store/vec4 v0x141e57760_0, 0, 32;
    %jmp T_6.9;
T_6.5 ;
    %load/vec4 v0x141e57830_0;
    %parti/s 20, 12, 5;
    %concati/vec4 0, 0, 12;
    %store/vec4 v0x141e57760_0, 0, 32;
    %jmp T_6.9;
T_6.6 ;
    %load/vec4 v0x141e57830_0;
    %parti/s 20, 12, 5;
    %concati/vec4 0, 0, 12;
    %store/vec4 v0x141e57760_0, 0, 32;
    %jmp T_6.9;
T_6.7 ;
    %load/vec4 v0x141e57830_0;
    %parti/s 1, 31, 6;
    %replicate 12;
    %load/vec4 v0x141e57830_0;
    %parti/s 8, 12, 5;
    %concat/vec4; draw_concat_vec4
    %load/vec4 v0x141e57830_0;
    %parti/s 1, 20, 6;
    %concat/vec4; draw_concat_vec4
    %load/vec4 v0x141e57830_0;
    %parti/s 10, 21, 6;
    %concat/vec4; draw_concat_vec4
    %pad/u 32;
    %store/vec4 v0x141e57760_0, 0, 32;
    %jmp T_6.9;
T_6.9 ;
    %pop/vec4 1;
    %jmp T_6;
    .thread T_6, $push;
    .scope S_0x141e538e0;
T_7 ;
    %wait E_0x141e51ab0;
    %load/vec4 v0x141e55780_0;
    %nor/r;
    %flag_set/vec4 8;
    %jmp/0xz  T_7.0, 8;
    %pushi/vec4 0, 0, 1;
    %assign/vec4 v0x141e54260_0, 0;
    %pushi/vec4 0, 0, 1;
    %assign/vec4 v0x141e552e0_0, 0;
    %pushi/vec4 0, 0, 1;
    %assign/vec4 v0x141e54ca0_0, 0;
    %pushi/vec4 0, 0, 1;
    %assign/vec4 v0x141e54900_0, 0;
    %pushi/vec4 0, 0, 1;
    %assign/vec4 v0x141e54b60_0, 0;
    %pushi/vec4 0, 0, 2;
    %assign/vec4 v0x141e53fc0_0, 0;
    %pushi/vec4 0, 0, 1;
    %assign/vec4 v0x141e540f0_0, 0;
    %pushi/vec4 0, 0, 32;
    %assign/vec4 v0x141e54dc0_0, 0;
    %pushi/vec4 0, 0, 32;
    %assign/vec4 v0x141e55050_0, 0;
    %pushi/vec4 0, 0, 32;
    %assign/vec4 v0x141e551b0_0, 0;
    %pushi/vec4 0, 0, 32;
    %assign/vec4 v0x141e547c0_0, 0;
    %pushi/vec4 0, 0, 5;
    %assign/vec4 v0x141e54ee0_0, 0;
    %pushi/vec4 0, 0, 5;
    %assign/vec4 v0x141e55440_0, 0;
    %pushi/vec4 0, 0, 5;
    %assign/vec4 v0x141e54a80_0, 0;
    %pushi/vec4 0, 0, 3;
    %assign/vec4 v0x141e54550_0, 0;
    %pushi/vec4 0, 0, 1;
    %assign/vec4 v0x141e546a0_0, 0;
    %jmp T_7.1;
T_7.0 ;
    %load/vec4 v0x141e54390_0;
    %flag_set/vec4 8;
    %jmp/0xz  T_7.2, 8;
    %pushi/vec4 0, 0, 1;
    %assign/vec4 v0x141e552e0_0, 0;
    %pushi/vec4 0, 0, 1;
    %assign/vec4 v0x141e54ca0_0, 0;
    %pushi/vec4 0, 0, 1;
    %assign/vec4 v0x141e54900_0, 0;
    %pushi/vec4 0, 0, 1;
    %assign/vec4 v0x141e54b60_0, 0;
    %pushi/vec4 0, 0, 2;
    %assign/vec4 v0x141e53fc0_0, 0;
    %pushi/vec4 0, 0, 1;
    %assign/vec4 v0x141e540f0_0, 0;
    %pushi/vec4 0, 0, 1;
    %assign/vec4 v0x141e54260_0, 0;
    %pushi/vec4 0, 0, 32;
    %assign/vec4 v0x141e54dc0_0, 0;
    %pushi/vec4 0, 0, 32;
    %assign/vec4 v0x141e55050_0, 0;
    %pushi/vec4 0, 0, 32;
    %assign/vec4 v0x141e551b0_0, 0;
    %pushi/vec4 0, 0, 32;
    %assign/vec4 v0x141e547c0_0, 0;
    %pushi/vec4 0, 0, 5;
    %assign/vec4 v0x141e54ee0_0, 0;
    %pushi/vec4 0, 0, 5;
    %assign/vec4 v0x141e55440_0, 0;
    %pushi/vec4 0, 0, 5;
    %assign/vec4 v0x141e54a80_0, 0;
    %pushi/vec4 0, 0, 3;
    %assign/vec4 v0x141e54550_0, 0;
    %pushi/vec4 0, 0, 1;
    %assign/vec4 v0x141e546a0_0, 0;
    %jmp T_7.3;
T_7.2 ;
    %load/vec4 v0x141e55810_0;
    %flag_set/vec4 8;
    %jmp/0xz  T_7.4, 8;
    %load/vec4 v0x141e54180_0;
    %assign/vec4 v0x141e54260_0, 0;
    %load/vec4 v0x141e55250_0;
    %assign/vec4 v0x141e552e0_0, 0;
    %load/vec4 v0x141e54c10_0;
    %assign/vec4 v0x141e54ca0_0, 0;
    %load/vec4 v0x141e54860_0;
    %assign/vec4 v0x141e54900_0, 0;
    %load/vec4 v0x141e549d0_0;
    %assign/vec4 v0x141e54b60_0, 0;
    %load/vec4 v0x141e53f20_0;
    %assign/vec4 v0x141e53fc0_0, 0;
    %load/vec4 v0x141e54060_0;
    %assign/vec4 v0x141e540f0_0, 0;
    %load/vec4 v0x141e54d30_0;
    %assign/vec4 v0x141e54dc0_0, 0;
    %load/vec4 v0x141e54fb0_0;
    %assign/vec4 v0x141e55050_0, 0;
    %load/vec4 v0x141e55100_0;
    %assign/vec4 v0x141e551b0_0, 0;
    %load/vec4 v0x141e54730_0;
    %assign/vec4 v0x141e547c0_0, 0;
    %load/vec4 v0x141e54e50_0;
    %assign/vec4 v0x141e54ee0_0, 0;
    %load/vec4 v0x141e55390_0;
    %assign/vec4 v0x141e55440_0, 0;
    %load/vec4 v0x141e554f0_0;
    %assign/vec4 v0x141e54a80_0, 0;
    %load/vec4 v0x141e54420_0;
    %assign/vec4 v0x141e54550_0, 0;
    %load/vec4 v0x141e54610_0;
    %assign/vec4 v0x141e546a0_0, 0;
T_7.4 ;
T_7.3 ;
T_7.1 ;
    %jmp T_7;
    .thread T_7;
    .scope S_0x141e52760;
T_8 ;
    %wait E_0x141e518f0;
    %pushi/vec4 0, 0, 2;
    %store/vec4 v0x141e52a20_0, 0, 2;
    %pushi/vec4 0, 0, 2;
    %store/vec4 v0x141e52ae0_0, 0, 2;
    %load/vec4 v0x141e52ce0_0;
    %flag_set/vec4 10;
    %flag_get/vec4 10;
    %jmp/0 T_8.3, 10;
    %load/vec4 v0x141e52b80_0;
    %pad/u 32;
    %pushi/vec4 0, 0, 32;
    %cmp/ne;
    %flag_get/vec4 4;
    %and;
T_8.3;
    %flag_set/vec4 9;
    %flag_get/vec4 9;
    %jmp/0 T_8.2, 9;
    %load/vec4 v0x141e52b80_0;
    %load/vec4 v0x141e52e40_0;
    %cmp/e;
    %flag_get/vec4 4;
    %and;
T_8.2;
    %flag_set/vec4 8;
    %jmp/0xz  T_8.0, 8;
    %pushi/vec4 2, 0, 2;
    %store/vec4 v0x141e52a20_0, 0, 2;
T_8.0 ;
    %load/vec4 v0x141e52ce0_0;
    %flag_set/vec4 10;
    %flag_get/vec4 10;
    %jmp/0 T_8.7, 10;
    %load/vec4 v0x141e52b80_0;
    %pad/u 32;
    %pushi/vec4 0, 0, 32;
    %cmp/ne;
    %flag_get/vec4 4;
    %and;
T_8.7;
    %flag_set/vec4 9;
    %flag_get/vec4 9;
    %jmp/0 T_8.6, 9;
    %load/vec4 v0x141e52b80_0;
    %load/vec4 v0x141e52ef0_0;
    %cmp/e;
    %flag_get/vec4 4;
    %and;
T_8.6;
    %flag_set/vec4 8;
    %jmp/0xz  T_8.4, 8;
    %pushi/vec4 2, 0, 2;
    %store/vec4 v0x141e52ae0_0, 0, 2;
T_8.4 ;
    %load/vec4 v0x141e52db0_0;
    %flag_set/vec4 10;
    %flag_get/vec4 10;
    %jmp/0 T_8.11, 10;
    %load/vec4 v0x141e52c50_0;
    %pad/u 32;
    %pushi/vec4 0, 0, 32;
    %cmp/ne;
    %flag_get/vec4 4;
    %and;
T_8.11;
    %flag_set/vec4 9;
    %flag_get/vec4 9;
    %jmp/0 T_8.10, 9;
    %load/vec4 v0x141e52c50_0;
    %load/vec4 v0x141e52e40_0;
    %cmp/e;
    %flag_get/vec4 4;
    %and;
T_8.10;
    %flag_set/vec4 8;
    %jmp/0xz  T_8.8, 8;
    %pushi/vec4 1, 0, 2;
    %store/vec4 v0x141e52a20_0, 0, 2;
T_8.8 ;
    %load/vec4 v0x141e52db0_0;
    %flag_set/vec4 10;
    %flag_get/vec4 10;
    %jmp/0 T_8.15, 10;
    %load/vec4 v0x141e52c50_0;
    %pad/u 32;
    %pushi/vec4 0, 0, 32;
    %cmp/ne;
    %flag_get/vec4 4;
    %and;
T_8.15;
    %flag_set/vec4 9;
    %flag_get/vec4 9;
    %jmp/0 T_8.14, 9;
    %load/vec4 v0x141e52c50_0;
    %load/vec4 v0x141e52ef0_0;
    %cmp/e;
    %flag_get/vec4 4;
    %and;
T_8.14;
    %flag_set/vec4 8;
    %jmp/0xz  T_8.12, 8;
    %pushi/vec4 1, 0, 2;
    %store/vec4 v0x141e52ae0_0, 0, 2;
T_8.12 ;
    %jmp T_8;
    .thread T_8, $push;
    .scope S_0x141e4fa30;
T_9 ;
    %wait E_0x141e50200;
    %load/vec4 v0x141e50320_0;
    %dup/vec4;
    %pushi/vec4 0, 0, 2;
    %cmp/u;
    %jmp/1 T_9.0, 6;
    %dup/vec4;
    %pushi/vec4 1, 0, 2;
    %cmp/u;
    %jmp/1 T_9.1, 6;
    %dup/vec4;
    %pushi/vec4 2, 0, 2;
    %cmp/u;
    %jmp/1 T_9.2, 6;
    %pushi/vec4 0, 0, 4;
    %store/vec4 v0x141e50260_0, 0, 4;
    %jmp T_9.4;
T_9.0 ;
    %pushi/vec4 0, 0, 4;
    %store/vec4 v0x141e50260_0, 0, 4;
    %jmp T_9.4;
T_9.1 ;
    %pushi/vec4 1, 0, 4;
    %store/vec4 v0x141e50260_0, 0, 4;
    %jmp T_9.4;
T_9.2 ;
    %load/vec4 v0x141e503d0_0;
    %dup/vec4;
    %pushi/vec4 0, 0, 3;
    %cmp/u;
    %jmp/1 T_9.5, 6;
    %dup/vec4;
    %pushi/vec4 1, 0, 3;
    %cmp/u;
    %jmp/1 T_9.6, 6;
    %dup/vec4;
    %pushi/vec4 2, 0, 3;
    %cmp/u;
    %jmp/1 T_9.7, 6;
    %dup/vec4;
    %pushi/vec4 3, 0, 3;
    %cmp/u;
    %jmp/1 T_9.8, 6;
    %dup/vec4;
    %pushi/vec4 4, 0, 3;
    %cmp/u;
    %jmp/1 T_9.9, 6;
    %dup/vec4;
    %pushi/vec4 5, 0, 3;
    %cmp/u;
    %jmp/1 T_9.10, 6;
    %dup/vec4;
    %pushi/vec4 6, 0, 3;
    %cmp/u;
    %jmp/1 T_9.11, 6;
    %dup/vec4;
    %pushi/vec4 7, 0, 3;
    %cmp/u;
    %jmp/1 T_9.12, 6;
    %pushi/vec4 0, 0, 4;
    %store/vec4 v0x141e50260_0, 0, 4;
    %jmp T_9.14;
T_9.5 ;
    %load/vec4 v0x141e50490_0;
    %cmpi/e 1, 0, 1;
    %jmp/0xz  T_9.15, 4;
    %pushi/vec4 1, 0, 4;
    %store/vec4 v0x141e50260_0, 0, 4;
    %jmp T_9.16;
T_9.15 ;
    %pushi/vec4 0, 0, 4;
    %store/vec4 v0x141e50260_0, 0, 4;
T_9.16 ;
    %jmp T_9.14;
T_9.6 ;
    %pushi/vec4 5, 0, 4;
    %store/vec4 v0x141e50260_0, 0, 4;
    %jmp T_9.14;
T_9.7 ;
    %pushi/vec4 8, 0, 4;
    %store/vec4 v0x141e50260_0, 0, 4;
    %jmp T_9.14;
T_9.8 ;
    %pushi/vec4 9, 0, 4;
    %store/vec4 v0x141e50260_0, 0, 4;
    %jmp T_9.14;
T_9.9 ;
    %pushi/vec4 4, 0, 4;
    %store/vec4 v0x141e50260_0, 0, 4;
    %jmp T_9.14;
T_9.10 ;
    %load/vec4 v0x141e50490_0;
    %cmpi/e 1, 0, 1;
    %jmp/0xz  T_9.17, 4;
    %pushi/vec4 7, 0, 4;
    %store/vec4 v0x141e50260_0, 0, 4;
    %jmp T_9.18;
T_9.17 ;
    %pushi/vec4 6, 0, 4;
    %store/vec4 v0x141e50260_0, 0, 4;
T_9.18 ;
    %jmp T_9.14;
T_9.11 ;
    %pushi/vec4 3, 0, 4;
    %store/vec4 v0x141e50260_0, 0, 4;
    %jmp T_9.14;
T_9.12 ;
    %pushi/vec4 2, 0, 4;
    %store/vec4 v0x141e50260_0, 0, 4;
    %jmp T_9.14;
T_9.14 ;
    %pop/vec4 1;
    %jmp T_9.4;
T_9.4 ;
    %pop/vec4 1;
    %jmp T_9;
    .thread T_9, $push;
    .scope S_0x141e50590;
T_10 ;
    %wait E_0x141e50da0;
    %load/vec4 v0x141e512c0_0;
    %dup/vec4;
    %pushi/vec4 0, 0, 4;
    %cmp/u;
    %jmp/1 T_10.0, 6;
    %dup/vec4;
    %pushi/vec4 1, 0, 4;
    %cmp/u;
    %jmp/1 T_10.1, 6;
    %dup/vec4;
    %pushi/vec4 2, 0, 4;
    %cmp/u;
    %jmp/1 T_10.2, 6;
    %dup/vec4;
    %pushi/vec4 3, 0, 4;
    %cmp/u;
    %jmp/1 T_10.3, 6;
    %dup/vec4;
    %pushi/vec4 4, 0, 4;
    %cmp/u;
    %jmp/1 T_10.4, 6;
    %dup/vec4;
    %pushi/vec4 5, 0, 4;
    %cmp/u;
    %jmp/1 T_10.5, 6;
    %dup/vec4;
    %pushi/vec4 6, 0, 4;
    %cmp/u;
    %jmp/1 T_10.6, 6;
    %dup/vec4;
    %pushi/vec4 7, 0, 4;
    %cmp/u;
    %jmp/1 T_10.7, 6;
    %dup/vec4;
    %pushi/vec4 8, 0, 4;
    %cmp/u;
    %jmp/1 T_10.8, 6;
    %dup/vec4;
    %pushi/vec4 9, 0, 4;
    %cmp/u;
    %jmp/1 T_10.9, 6;
    %pushi/vec4 0, 0, 32;
    %store/vec4 v0x141e51380_0, 0, 32;
    %jmp T_10.11;
T_10.0 ;
    %load/vec4 v0x141e51200_0;
    %load/vec4 v0x141e51430_0;
    %add;
    %store/vec4 v0x141e51380_0, 0, 32;
    %jmp T_10.11;
T_10.1 ;
    %load/vec4 v0x141e51200_0;
    %load/vec4 v0x141e51430_0;
    %sub;
    %store/vec4 v0x141e51380_0, 0, 32;
    %jmp T_10.11;
T_10.2 ;
    %load/vec4 v0x141e51200_0;
    %load/vec4 v0x141e51430_0;
    %and;
    %store/vec4 v0x141e51380_0, 0, 32;
    %jmp T_10.11;
T_10.3 ;
    %load/vec4 v0x141e51200_0;
    %load/vec4 v0x141e51430_0;
    %or;
    %store/vec4 v0x141e51380_0, 0, 32;
    %jmp T_10.11;
T_10.4 ;
    %load/vec4 v0x141e51200_0;
    %load/vec4 v0x141e51430_0;
    %xor;
    %store/vec4 v0x141e51380_0, 0, 32;
    %jmp T_10.11;
T_10.5 ;
    %load/vec4 v0x141e51200_0;
    %load/vec4 v0x141e51430_0;
    %parti/s 5, 0, 2;
    %ix/vec4 4;
    %shiftl 4;
    %store/vec4 v0x141e51380_0, 0, 32;
    %jmp T_10.11;
T_10.6 ;
    %load/vec4 v0x141e51200_0;
    %load/vec4 v0x141e51430_0;
    %parti/s 5, 0, 2;
    %ix/vec4 4;
    %shiftr 4;
    %store/vec4 v0x141e51380_0, 0, 32;
    %jmp T_10.11;
T_10.7 ;
    %load/vec4 v0x141e51200_0;
    %load/vec4 v0x141e51430_0;
    %parti/s 5, 0, 2;
    %ix/vec4 4;
    %shiftr/s 4;
    %store/vec4 v0x141e51380_0, 0, 32;
    %jmp T_10.11;
T_10.8 ;
    %load/vec4 v0x141e51200_0;
    %load/vec4 v0x141e51430_0;
    %cmp/s;
    %flag_mov 8, 5;
    %jmp/0 T_10.12, 8;
    %pushi/vec4 1, 0, 32;
    %jmp/1 T_10.13, 8;
T_10.12 ; End of true expr.
    %pushi/vec4 0, 0, 32;
    %jmp/0 T_10.13, 8;
 ; End of false expr.
    %blend;
T_10.13;
    %store/vec4 v0x141e51380_0, 0, 32;
    %jmp T_10.11;
T_10.9 ;
    %load/vec4 v0x141e51200_0;
    %load/vec4 v0x141e51430_0;
    %cmp/u;
    %flag_mov 8, 5;
    %jmp/0 T_10.14, 8;
    %pushi/vec4 1, 0, 32;
    %jmp/1 T_10.15, 8;
T_10.14 ; End of true expr.
    %pushi/vec4 0, 0, 32;
    %jmp/0 T_10.15, 8;
 ; End of false expr.
    %blend;
T_10.15;
    %store/vec4 v0x141e51380_0, 0, 32;
    %jmp T_10.11;
T_10.11 ;
    %pop/vec4 1;
    %jmp T_10;
    .thread T_10, $push;
    .scope S_0x141e516f0;
T_11 ;
    %wait E_0x141e51ab0;
    %load/vec4 v0x141e523e0_0;
    %nor/r;
    %flag_set/vec4 8;
    %jmp/0xz  T_11.0, 8;
    %pushi/vec4 0, 0, 1;
    %assign/vec4 v0x141e52340_0, 0;
    %pushi/vec4 0, 0, 1;
    %assign/vec4 v0x141e51f00_0, 0;
    %pushi/vec4 0, 0, 1;
    %assign/vec4 v0x141e51d80_0, 0;
    %pushi/vec4 0, 0, 1;
    %assign/vec4 v0x141e52040_0, 0;
    %pushi/vec4 0, 0, 32;
    %assign/vec4 v0x141e51bc0_0, 0;
    %pushi/vec4 0, 0, 32;
    %assign/vec4 v0x141e52530_0, 0;
    %pushi/vec4 0, 0, 5;
    %assign/vec4 v0x141e521f0_0, 0;
    %jmp T_11.1;
T_11.0 ;
    %load/vec4 v0x141e522a0_0;
    %assign/vec4 v0x141e52340_0, 0;
    %load/vec4 v0x141e51e60_0;
    %assign/vec4 v0x141e51f00_0, 0;
    %load/vec4 v0x141e51ce0_0;
    %assign/vec4 v0x141e51d80_0, 0;
    %load/vec4 v0x141e51fa0_0;
    %assign/vec4 v0x141e52040_0, 0;
    %load/vec4 v0x141e51af0_0;
    %assign/vec4 v0x141e51bc0_0, 0;
    %load/vec4 v0x141e52480_0;
    %assign/vec4 v0x141e52530_0, 0;
    %load/vec4 v0x141e52150_0;
    %assign/vec4 v0x141e521f0_0, 0;
T_11.1 ;
    %jmp T_11;
    .thread T_11;
    .scope S_0x141e5ba30;
T_12 ;
    %wait E_0x141e51ab0;
    %load/vec4 v0x141e5c980_0;
    %inv;
    %flag_set/vec4 8;
    %jmp/0xz  T_12.0, 8;
    %pushi/vec4 0, 0, 8;
    %ix/load 3, 0, 0;
    %flag_set/imm 4, 0;
    %ix/load 4, 0, 0; Constant delay
    %assign/vec4/a/d v0x141e5bed0, 0, 4;
    %pushi/vec4 0, 0, 8;
    %ix/load 3, 1, 0;
    %flag_set/imm 4, 0;
    %ix/load 4, 0, 0; Constant delay
    %assign/vec4/a/d v0x141e5bed0, 0, 4;
    %pushi/vec4 0, 0, 8;
    %ix/load 3, 2, 0;
    %flag_set/imm 4, 0;
    %ix/load 4, 0, 0; Constant delay
    %assign/vec4/a/d v0x141e5bed0, 0, 4;
    %pushi/vec4 0, 0, 8;
    %ix/load 3, 3, 0;
    %flag_set/imm 4, 0;
    %ix/load 4, 0, 0; Constant delay
    %assign/vec4/a/d v0x141e5bed0, 0, 4;
    %pushi/vec4 0, 0, 8;
    %ix/load 3, 4, 0;
    %flag_set/imm 4, 0;
    %ix/load 4, 0, 0; Constant delay
    %assign/vec4/a/d v0x141e5bed0, 0, 4;
    %pushi/vec4 0, 0, 8;
    %ix/load 3, 5, 0;
    %flag_set/imm 4, 0;
    %ix/load 4, 0, 0; Constant delay
    %assign/vec4/a/d v0x141e5bed0, 0, 4;
    %pushi/vec4 0, 0, 8;
    %ix/load 3, 6, 0;
    %flag_set/imm 4, 0;
    %ix/load 4, 0, 0; Constant delay
    %assign/vec4/a/d v0x141e5bed0, 0, 4;
    %pushi/vec4 0, 0, 8;
    %ix/load 3, 7, 0;
    %flag_set/imm 4, 0;
    %ix/load 4, 0, 0; Constant delay
    %assign/vec4/a/d v0x141e5bed0, 0, 4;
    %pushi/vec4 0, 0, 8;
    %ix/load 3, 8, 0;
    %flag_set/imm 4, 0;
    %ix/load 4, 0, 0; Constant delay
    %assign/vec4/a/d v0x141e5bed0, 0, 4;
    %pushi/vec4 0, 0, 8;
    %ix/load 3, 9, 0;
    %flag_set/imm 4, 0;
    %ix/load 4, 0, 0; Constant delay
    %assign/vec4/a/d v0x141e5bed0, 0, 4;
    %pushi/vec4 0, 0, 8;
    %ix/load 3, 10, 0;
    %flag_set/imm 4, 0;
    %ix/load 4, 0, 0; Constant delay
    %assign/vec4/a/d v0x141e5bed0, 0, 4;
    %pushi/vec4 0, 0, 8;
    %ix/load 3, 11, 0;
    %flag_set/imm 4, 0;
    %ix/load 4, 0, 0; Constant delay
    %assign/vec4/a/d v0x141e5bed0, 0, 4;
    %pushi/vec4 0, 0, 8;
    %ix/load 3, 12, 0;
    %flag_set/imm 4, 0;
    %ix/load 4, 0, 0; Constant delay
    %assign/vec4/a/d v0x141e5bed0, 0, 4;
    %pushi/vec4 0, 0, 8;
    %ix/load 3, 13, 0;
    %flag_set/imm 4, 0;
    %ix/load 4, 0, 0; Constant delay
    %assign/vec4/a/d v0x141e5bed0, 0, 4;
    %pushi/vec4 0, 0, 8;
    %ix/load 3, 14, 0;
    %flag_set/imm 4, 0;
    %ix/load 4, 0, 0; Constant delay
    %assign/vec4/a/d v0x141e5bed0, 0, 4;
    %pushi/vec4 0, 0, 8;
    %ix/load 3, 15, 0;
    %flag_set/imm 4, 0;
    %ix/load 4, 0, 0; Constant delay
    %assign/vec4/a/d v0x141e5bed0, 0, 4;
    %pushi/vec4 0, 0, 8;
    %ix/load 3, 16, 0;
    %flag_set/imm 4, 0;
    %ix/load 4, 0, 0; Constant delay
    %assign/vec4/a/d v0x141e5bed0, 0, 4;
    %pushi/vec4 0, 0, 8;
    %ix/load 3, 17, 0;
    %flag_set/imm 4, 0;
    %ix/load 4, 0, 0; Constant delay
    %assign/vec4/a/d v0x141e5bed0, 0, 4;
    %pushi/vec4 0, 0, 8;
    %ix/load 3, 18, 0;
    %flag_set/imm 4, 0;
    %ix/load 4, 0, 0; Constant delay
    %assign/vec4/a/d v0x141e5bed0, 0, 4;
    %pushi/vec4 0, 0, 8;
    %ix/load 3, 19, 0;
    %flag_set/imm 4, 0;
    %ix/load 4, 0, 0; Constant delay
    %assign/vec4/a/d v0x141e5bed0, 0, 4;
    %pushi/vec4 0, 0, 8;
    %ix/load 3, 20, 0;
    %flag_set/imm 4, 0;
    %ix/load 4, 0, 0; Constant delay
    %assign/vec4/a/d v0x141e5bed0, 0, 4;
    %pushi/vec4 0, 0, 8;
    %ix/load 3, 21, 0;
    %flag_set/imm 4, 0;
    %ix/load 4, 0, 0; Constant delay
    %assign/vec4/a/d v0x141e5bed0, 0, 4;
    %pushi/vec4 0, 0, 8;
    %ix/load 3, 22, 0;
    %flag_set/imm 4, 0;
    %ix/load 4, 0, 0; Constant delay
    %assign/vec4/a/d v0x141e5bed0, 0, 4;
    %pushi/vec4 0, 0, 8;
    %ix/load 3, 23, 0;
    %flag_set/imm 4, 0;
    %ix/load 4, 0, 0; Constant delay
    %assign/vec4/a/d v0x141e5bed0, 0, 4;
    %pushi/vec4 0, 0, 8;
    %ix/load 3, 24, 0;
    %flag_set/imm 4, 0;
    %ix/load 4, 0, 0; Constant delay
    %assign/vec4/a/d v0x141e5bed0, 0, 4;
    %pushi/vec4 0, 0, 8;
    %ix/load 3, 25, 0;
    %flag_set/imm 4, 0;
    %ix/load 4, 0, 0; Constant delay
    %assign/vec4/a/d v0x141e5bed0, 0, 4;
    %pushi/vec4 0, 0, 8;
    %ix/load 3, 26, 0;
    %flag_set/imm 4, 0;
    %ix/load 4, 0, 0; Constant delay
    %assign/vec4/a/d v0x141e5bed0, 0, 4;
    %pushi/vec4 0, 0, 8;
    %ix/load 3, 27, 0;
    %flag_set/imm 4, 0;
    %ix/load 4, 0, 0; Constant delay
    %assign/vec4/a/d v0x141e5bed0, 0, 4;
    %pushi/vec4 0, 0, 8;
    %ix/load 3, 28, 0;
    %flag_set/imm 4, 0;
    %ix/load 4, 0, 0; Constant delay
    %assign/vec4/a/d v0x141e5bed0, 0, 4;
    %pushi/vec4 0, 0, 8;
    %ix/load 3, 29, 0;
    %flag_set/imm 4, 0;
    %ix/load 4, 0, 0; Constant delay
    %assign/vec4/a/d v0x141e5bed0, 0, 4;
    %pushi/vec4 0, 0, 8;
    %ix/load 3, 30, 0;
    %flag_set/imm 4, 0;
    %ix/load 4, 0, 0; Constant delay
    %assign/vec4/a/d v0x141e5bed0, 0, 4;
    %pushi/vec4 0, 0, 8;
    %ix/load 3, 31, 0;
    %flag_set/imm 4, 0;
    %ix/load 4, 0, 0; Constant delay
    %assign/vec4/a/d v0x141e5bed0, 0, 4;
    %pushi/vec4 0, 0, 8;
    %ix/load 3, 32, 0;
    %flag_set/imm 4, 0;
    %ix/load 4, 0, 0; Constant delay
    %assign/vec4/a/d v0x141e5bed0, 0, 4;
    %pushi/vec4 0, 0, 8;
    %ix/load 3, 33, 0;
    %flag_set/imm 4, 0;
    %ix/load 4, 0, 0; Constant delay
    %assign/vec4/a/d v0x141e5bed0, 0, 4;
    %pushi/vec4 0, 0, 8;
    %ix/load 3, 34, 0;
    %flag_set/imm 4, 0;
    %ix/load 4, 0, 0; Constant delay
    %assign/vec4/a/d v0x141e5bed0, 0, 4;
    %pushi/vec4 0, 0, 8;
    %ix/load 3, 35, 0;
    %flag_set/imm 4, 0;
    %ix/load 4, 0, 0; Constant delay
    %assign/vec4/a/d v0x141e5bed0, 0, 4;
    %pushi/vec4 0, 0, 8;
    %ix/load 3, 36, 0;
    %flag_set/imm 4, 0;
    %ix/load 4, 0, 0; Constant delay
    %assign/vec4/a/d v0x141e5bed0, 0, 4;
    %pushi/vec4 0, 0, 8;
    %ix/load 3, 37, 0;
    %flag_set/imm 4, 0;
    %ix/load 4, 0, 0; Constant delay
    %assign/vec4/a/d v0x141e5bed0, 0, 4;
    %pushi/vec4 0, 0, 8;
    %ix/load 3, 38, 0;
    %flag_set/imm 4, 0;
    %ix/load 4, 0, 0; Constant delay
    %assign/vec4/a/d v0x141e5bed0, 0, 4;
    %pushi/vec4 0, 0, 8;
    %ix/load 3, 39, 0;
    %flag_set/imm 4, 0;
    %ix/load 4, 0, 0; Constant delay
    %assign/vec4/a/d v0x141e5bed0, 0, 4;
    %pushi/vec4 0, 0, 8;
    %ix/load 3, 40, 0;
    %flag_set/imm 4, 0;
    %ix/load 4, 0, 0; Constant delay
    %assign/vec4/a/d v0x141e5bed0, 0, 4;
    %pushi/vec4 0, 0, 8;
    %ix/load 3, 41, 0;
    %flag_set/imm 4, 0;
    %ix/load 4, 0, 0; Constant delay
    %assign/vec4/a/d v0x141e5bed0, 0, 4;
    %pushi/vec4 0, 0, 8;
    %ix/load 3, 42, 0;
    %flag_set/imm 4, 0;
    %ix/load 4, 0, 0; Constant delay
    %assign/vec4/a/d v0x141e5bed0, 0, 4;
    %pushi/vec4 0, 0, 8;
    %ix/load 3, 43, 0;
    %flag_set/imm 4, 0;
    %ix/load 4, 0, 0; Constant delay
    %assign/vec4/a/d v0x141e5bed0, 0, 4;
    %pushi/vec4 0, 0, 8;
    %ix/load 3, 44, 0;
    %flag_set/imm 4, 0;
    %ix/load 4, 0, 0; Constant delay
    %assign/vec4/a/d v0x141e5bed0, 0, 4;
    %pushi/vec4 0, 0, 8;
    %ix/load 3, 45, 0;
    %flag_set/imm 4, 0;
    %ix/load 4, 0, 0; Constant delay
    %assign/vec4/a/d v0x141e5bed0, 0, 4;
    %pushi/vec4 0, 0, 8;
    %ix/load 3, 46, 0;
    %flag_set/imm 4, 0;
    %ix/load 4, 0, 0; Constant delay
    %assign/vec4/a/d v0x141e5bed0, 0, 4;
    %pushi/vec4 0, 0, 8;
    %ix/load 3, 47, 0;
    %flag_set/imm 4, 0;
    %ix/load 4, 0, 0; Constant delay
    %assign/vec4/a/d v0x141e5bed0, 0, 4;
    %pushi/vec4 0, 0, 8;
    %ix/load 3, 48, 0;
    %flag_set/imm 4, 0;
    %ix/load 4, 0, 0; Constant delay
    %assign/vec4/a/d v0x141e5bed0, 0, 4;
    %pushi/vec4 0, 0, 8;
    %ix/load 3, 49, 0;
    %flag_set/imm 4, 0;
    %ix/load 4, 0, 0; Constant delay
    %assign/vec4/a/d v0x141e5bed0, 0, 4;
    %pushi/vec4 0, 0, 8;
    %ix/load 3, 50, 0;
    %flag_set/imm 4, 0;
    %ix/load 4, 0, 0; Constant delay
    %assign/vec4/a/d v0x141e5bed0, 0, 4;
    %pushi/vec4 0, 0, 8;
    %ix/load 3, 51, 0;
    %flag_set/imm 4, 0;
    %ix/load 4, 0, 0; Constant delay
    %assign/vec4/a/d v0x141e5bed0, 0, 4;
    %pushi/vec4 0, 0, 8;
    %ix/load 3, 52, 0;
    %flag_set/imm 4, 0;
    %ix/load 4, 0, 0; Constant delay
    %assign/vec4/a/d v0x141e5bed0, 0, 4;
    %pushi/vec4 0, 0, 8;
    %ix/load 3, 53, 0;
    %flag_set/imm 4, 0;
    %ix/load 4, 0, 0; Constant delay
    %assign/vec4/a/d v0x141e5bed0, 0, 4;
    %pushi/vec4 0, 0, 8;
    %ix/load 3, 54, 0;
    %flag_set/imm 4, 0;
    %ix/load 4, 0, 0; Constant delay
    %assign/vec4/a/d v0x141e5bed0, 0, 4;
    %pushi/vec4 0, 0, 8;
    %ix/load 3, 55, 0;
    %flag_set/imm 4, 0;
    %ix/load 4, 0, 0; Constant delay
    %assign/vec4/a/d v0x141e5bed0, 0, 4;
    %pushi/vec4 0, 0, 8;
    %ix/load 3, 56, 0;
    %flag_set/imm 4, 0;
    %ix/load 4, 0, 0; Constant delay
    %assign/vec4/a/d v0x141e5bed0, 0, 4;
    %pushi/vec4 0, 0, 8;
    %ix/load 3, 57, 0;
    %flag_set/imm 4, 0;
    %ix/load 4, 0, 0; Constant delay
    %assign/vec4/a/d v0x141e5bed0, 0, 4;
    %pushi/vec4 0, 0, 8;
    %ix/load 3, 58, 0;
    %flag_set/imm 4, 0;
    %ix/load 4, 0, 0; Constant delay
    %assign/vec4/a/d v0x141e5bed0, 0, 4;
    %pushi/vec4 0, 0, 8;
    %ix/load 3, 59, 0;
    %flag_set/imm 4, 0;
    %ix/load 4, 0, 0; Constant delay
    %assign/vec4/a/d v0x141e5bed0, 0, 4;
    %pushi/vec4 0, 0, 8;
    %ix/load 3, 60, 0;
    %flag_set/imm 4, 0;
    %ix/load 4, 0, 0; Constant delay
    %assign/vec4/a/d v0x141e5bed0, 0, 4;
    %pushi/vec4 0, 0, 8;
    %ix/load 3, 61, 0;
    %flag_set/imm 4, 0;
    %ix/load 4, 0, 0; Constant delay
    %assign/vec4/a/d v0x141e5bed0, 0, 4;
    %pushi/vec4 0, 0, 8;
    %ix/load 3, 62, 0;
    %flag_set/imm 4, 0;
    %ix/load 4, 0, 0; Constant delay
    %assign/vec4/a/d v0x141e5bed0, 0, 4;
    %pushi/vec4 0, 0, 8;
    %ix/load 3, 63, 0;
    %flag_set/imm 4, 0;
    %ix/load 4, 0, 0; Constant delay
    %assign/vec4/a/d v0x141e5bed0, 0, 4;
    %pushi/vec4 0, 0, 8;
    %ix/load 3, 64, 0;
    %flag_set/imm 4, 0;
    %ix/load 4, 0, 0; Constant delay
    %assign/vec4/a/d v0x141e5bed0, 0, 4;
    %pushi/vec4 0, 0, 8;
    %ix/load 3, 65, 0;
    %flag_set/imm 4, 0;
    %ix/load 4, 0, 0; Constant delay
    %assign/vec4/a/d v0x141e5bed0, 0, 4;
    %pushi/vec4 0, 0, 8;
    %ix/load 3, 66, 0;
    %flag_set/imm 4, 0;
    %ix/load 4, 0, 0; Constant delay
    %assign/vec4/a/d v0x141e5bed0, 0, 4;
    %pushi/vec4 0, 0, 8;
    %ix/load 3, 67, 0;
    %flag_set/imm 4, 0;
    %ix/load 4, 0, 0; Constant delay
    %assign/vec4/a/d v0x141e5bed0, 0, 4;
    %pushi/vec4 0, 0, 8;
    %ix/load 3, 68, 0;
    %flag_set/imm 4, 0;
    %ix/load 4, 0, 0; Constant delay
    %assign/vec4/a/d v0x141e5bed0, 0, 4;
    %pushi/vec4 0, 0, 8;
    %ix/load 3, 69, 0;
    %flag_set/imm 4, 0;
    %ix/load 4, 0, 0; Constant delay
    %assign/vec4/a/d v0x141e5bed0, 0, 4;
    %pushi/vec4 0, 0, 8;
    %ix/load 3, 70, 0;
    %flag_set/imm 4, 0;
    %ix/load 4, 0, 0; Constant delay
    %assign/vec4/a/d v0x141e5bed0, 0, 4;
    %pushi/vec4 0, 0, 8;
    %ix/load 3, 71, 0;
    %flag_set/imm 4, 0;
    %ix/load 4, 0, 0; Constant delay
    %assign/vec4/a/d v0x141e5bed0, 0, 4;
    %pushi/vec4 0, 0, 8;
    %ix/load 3, 72, 0;
    %flag_set/imm 4, 0;
    %ix/load 4, 0, 0; Constant delay
    %assign/vec4/a/d v0x141e5bed0, 0, 4;
    %pushi/vec4 0, 0, 8;
    %ix/load 3, 73, 0;
    %flag_set/imm 4, 0;
    %ix/load 4, 0, 0; Constant delay
    %assign/vec4/a/d v0x141e5bed0, 0, 4;
    %pushi/vec4 0, 0, 8;
    %ix/load 3, 74, 0;
    %flag_set/imm 4, 0;
    %ix/load 4, 0, 0; Constant delay
    %assign/vec4/a/d v0x141e5bed0, 0, 4;
    %pushi/vec4 0, 0, 8;
    %ix/load 3, 75, 0;
    %flag_set/imm 4, 0;
    %ix/load 4, 0, 0; Constant delay
    %assign/vec4/a/d v0x141e5bed0, 0, 4;
    %pushi/vec4 0, 0, 8;
    %ix/load 3, 76, 0;
    %flag_set/imm 4, 0;
    %ix/load 4, 0, 0; Constant delay
    %assign/vec4/a/d v0x141e5bed0, 0, 4;
    %pushi/vec4 0, 0, 8;
    %ix/load 3, 77, 0;
    %flag_set/imm 4, 0;
    %ix/load 4, 0, 0; Constant delay
    %assign/vec4/a/d v0x141e5bed0, 0, 4;
    %pushi/vec4 0, 0, 8;
    %ix/load 3, 78, 0;
    %flag_set/imm 4, 0;
    %ix/load 4, 0, 0; Constant delay
    %assign/vec4/a/d v0x141e5bed0, 0, 4;
    %pushi/vec4 0, 0, 8;
    %ix/load 3, 79, 0;
    %flag_set/imm 4, 0;
    %ix/load 4, 0, 0; Constant delay
    %assign/vec4/a/d v0x141e5bed0, 0, 4;
    %pushi/vec4 0, 0, 8;
    %ix/load 3, 80, 0;
    %flag_set/imm 4, 0;
    %ix/load 4, 0, 0; Constant delay
    %assign/vec4/a/d v0x141e5bed0, 0, 4;
    %pushi/vec4 0, 0, 8;
    %ix/load 3, 81, 0;
    %flag_set/imm 4, 0;
    %ix/load 4, 0, 0; Constant delay
    %assign/vec4/a/d v0x141e5bed0, 0, 4;
    %pushi/vec4 0, 0, 8;
    %ix/load 3, 82, 0;
    %flag_set/imm 4, 0;
    %ix/load 4, 0, 0; Constant delay
    %assign/vec4/a/d v0x141e5bed0, 0, 4;
    %pushi/vec4 0, 0, 8;
    %ix/load 3, 83, 0;
    %flag_set/imm 4, 0;
    %ix/load 4, 0, 0; Constant delay
    %assign/vec4/a/d v0x141e5bed0, 0, 4;
    %pushi/vec4 0, 0, 8;
    %ix/load 3, 84, 0;
    %flag_set/imm 4, 0;
    %ix/load 4, 0, 0; Constant delay
    %assign/vec4/a/d v0x141e5bed0, 0, 4;
    %pushi/vec4 0, 0, 8;
    %ix/load 3, 85, 0;
    %flag_set/imm 4, 0;
    %ix/load 4, 0, 0; Constant delay
    %assign/vec4/a/d v0x141e5bed0, 0, 4;
    %pushi/vec4 0, 0, 8;
    %ix/load 3, 86, 0;
    %flag_set/imm 4, 0;
    %ix/load 4, 0, 0; Constant delay
    %assign/vec4/a/d v0x141e5bed0, 0, 4;
    %pushi/vec4 0, 0, 8;
    %ix/load 3, 87, 0;
    %flag_set/imm 4, 0;
    %ix/load 4, 0, 0; Constant delay
    %assign/vec4/a/d v0x141e5bed0, 0, 4;
    %pushi/vec4 0, 0, 8;
    %ix/load 3, 88, 0;
    %flag_set/imm 4, 0;
    %ix/load 4, 0, 0; Constant delay
    %assign/vec4/a/d v0x141e5bed0, 0, 4;
    %pushi/vec4 0, 0, 8;
    %ix/load 3, 89, 0;
    %flag_set/imm 4, 0;
    %ix/load 4, 0, 0; Constant delay
    %assign/vec4/a/d v0x141e5bed0, 0, 4;
    %pushi/vec4 0, 0, 8;
    %ix/load 3, 90, 0;
    %flag_set/imm 4, 0;
    %ix/load 4, 0, 0; Constant delay
    %assign/vec4/a/d v0x141e5bed0, 0, 4;
    %pushi/vec4 0, 0, 8;
    %ix/load 3, 91, 0;
    %flag_set/imm 4, 0;
    %ix/load 4, 0, 0; Constant delay
    %assign/vec4/a/d v0x141e5bed0, 0, 4;
    %pushi/vec4 0, 0, 8;
    %ix/load 3, 92, 0;
    %flag_set/imm 4, 0;
    %ix/load 4, 0, 0; Constant delay
    %assign/vec4/a/d v0x141e5bed0, 0, 4;
    %pushi/vec4 0, 0, 8;
    %ix/load 3, 93, 0;
    %flag_set/imm 4, 0;
    %ix/load 4, 0, 0; Constant delay
    %assign/vec4/a/d v0x141e5bed0, 0, 4;
    %pushi/vec4 0, 0, 8;
    %ix/load 3, 94, 0;
    %flag_set/imm 4, 0;
    %ix/load 4, 0, 0; Constant delay
    %assign/vec4/a/d v0x141e5bed0, 0, 4;
    %pushi/vec4 0, 0, 8;
    %ix/load 3, 95, 0;
    %flag_set/imm 4, 0;
    %ix/load 4, 0, 0; Constant delay
    %assign/vec4/a/d v0x141e5bed0, 0, 4;
    %pushi/vec4 0, 0, 8;
    %ix/load 3, 96, 0;
    %flag_set/imm 4, 0;
    %ix/load 4, 0, 0; Constant delay
    %assign/vec4/a/d v0x141e5bed0, 0, 4;
    %pushi/vec4 0, 0, 8;
    %ix/load 3, 97, 0;
    %flag_set/imm 4, 0;
    %ix/load 4, 0, 0; Constant delay
    %assign/vec4/a/d v0x141e5bed0, 0, 4;
    %pushi/vec4 0, 0, 8;
    %ix/load 3, 98, 0;
    %flag_set/imm 4, 0;
    %ix/load 4, 0, 0; Constant delay
    %assign/vec4/a/d v0x141e5bed0, 0, 4;
    %pushi/vec4 0, 0, 8;
    %ix/load 3, 99, 0;
    %flag_set/imm 4, 0;
    %ix/load 4, 0, 0; Constant delay
    %assign/vec4/a/d v0x141e5bed0, 0, 4;
    %pushi/vec4 0, 0, 8;
    %ix/load 3, 100, 0;
    %flag_set/imm 4, 0;
    %ix/load 4, 0, 0; Constant delay
    %assign/vec4/a/d v0x141e5bed0, 0, 4;
    %pushi/vec4 0, 0, 8;
    %ix/load 3, 101, 0;
    %flag_set/imm 4, 0;
    %ix/load 4, 0, 0; Constant delay
    %assign/vec4/a/d v0x141e5bed0, 0, 4;
    %pushi/vec4 0, 0, 8;
    %ix/load 3, 102, 0;
    %flag_set/imm 4, 0;
    %ix/load 4, 0, 0; Constant delay
    %assign/vec4/a/d v0x141e5bed0, 0, 4;
    %pushi/vec4 0, 0, 8;
    %ix/load 3, 103, 0;
    %flag_set/imm 4, 0;
    %ix/load 4, 0, 0; Constant delay
    %assign/vec4/a/d v0x141e5bed0, 0, 4;
    %pushi/vec4 0, 0, 8;
    %ix/load 3, 104, 0;
    %flag_set/imm 4, 0;
    %ix/load 4, 0, 0; Constant delay
    %assign/vec4/a/d v0x141e5bed0, 0, 4;
    %pushi/vec4 0, 0, 8;
    %ix/load 3, 105, 0;
    %flag_set/imm 4, 0;
    %ix/load 4, 0, 0; Constant delay
    %assign/vec4/a/d v0x141e5bed0, 0, 4;
    %pushi/vec4 0, 0, 8;
    %ix/load 3, 106, 0;
    %flag_set/imm 4, 0;
    %ix/load 4, 0, 0; Constant delay
    %assign/vec4/a/d v0x141e5bed0, 0, 4;
    %pushi/vec4 0, 0, 8;
    %ix/load 3, 107, 0;
    %flag_set/imm 4, 0;
    %ix/load 4, 0, 0; Constant delay
    %assign/vec4/a/d v0x141e5bed0, 0, 4;
    %pushi/vec4 0, 0, 8;
    %ix/load 3, 108, 0;
    %flag_set/imm 4, 0;
    %ix/load 4, 0, 0; Constant delay
    %assign/vec4/a/d v0x141e5bed0, 0, 4;
    %pushi/vec4 0, 0, 8;
    %ix/load 3, 109, 0;
    %flag_set/imm 4, 0;
    %ix/load 4, 0, 0; Constant delay
    %assign/vec4/a/d v0x141e5bed0, 0, 4;
    %pushi/vec4 0, 0, 8;
    %ix/load 3, 110, 0;
    %flag_set/imm 4, 0;
    %ix/load 4, 0, 0; Constant delay
    %assign/vec4/a/d v0x141e5bed0, 0, 4;
    %pushi/vec4 0, 0, 8;
    %ix/load 3, 111, 0;
    %flag_set/imm 4, 0;
    %ix/load 4, 0, 0; Constant delay
    %assign/vec4/a/d v0x141e5bed0, 0, 4;
    %pushi/vec4 0, 0, 8;
    %ix/load 3, 112, 0;
    %flag_set/imm 4, 0;
    %ix/load 4, 0, 0; Constant delay
    %assign/vec4/a/d v0x141e5bed0, 0, 4;
    %pushi/vec4 0, 0, 8;
    %ix/load 3, 113, 0;
    %flag_set/imm 4, 0;
    %ix/load 4, 0, 0; Constant delay
    %assign/vec4/a/d v0x141e5bed0, 0, 4;
    %pushi/vec4 0, 0, 8;
    %ix/load 3, 114, 0;
    %flag_set/imm 4, 0;
    %ix/load 4, 0, 0; Constant delay
    %assign/vec4/a/d v0x141e5bed0, 0, 4;
    %pushi/vec4 0, 0, 8;
    %ix/load 3, 115, 0;
    %flag_set/imm 4, 0;
    %ix/load 4, 0, 0; Constant delay
    %assign/vec4/a/d v0x141e5bed0, 0, 4;
    %pushi/vec4 0, 0, 8;
    %ix/load 3, 116, 0;
    %flag_set/imm 4, 0;
    %ix/load 4, 0, 0; Constant delay
    %assign/vec4/a/d v0x141e5bed0, 0, 4;
    %pushi/vec4 0, 0, 8;
    %ix/load 3, 117, 0;
    %flag_set/imm 4, 0;
    %ix/load 4, 0, 0; Constant delay
    %assign/vec4/a/d v0x141e5bed0, 0, 4;
    %pushi/vec4 0, 0, 8;
    %ix/load 3, 118, 0;
    %flag_set/imm 4, 0;
    %ix/load 4, 0, 0; Constant delay
    %assign/vec4/a/d v0x141e5bed0, 0, 4;
    %pushi/vec4 0, 0, 8;
    %ix/load 3, 119, 0;
    %flag_set/imm 4, 0;
    %ix/load 4, 0, 0; Constant delay
    %assign/vec4/a/d v0x141e5bed0, 0, 4;
    %pushi/vec4 0, 0, 8;
    %ix/load 3, 120, 0;
    %flag_set/imm 4, 0;
    %ix/load 4, 0, 0; Constant delay
    %assign/vec4/a/d v0x141e5bed0, 0, 4;
    %pushi/vec4 0, 0, 8;
    %ix/load 3, 121, 0;
    %flag_set/imm 4, 0;
    %ix/load 4, 0, 0; Constant delay
    %assign/vec4/a/d v0x141e5bed0, 0, 4;
    %pushi/vec4 0, 0, 8;
    %ix/load 3, 122, 0;
    %flag_set/imm 4, 0;
    %ix/load 4, 0, 0; Constant delay
    %assign/vec4/a/d v0x141e5bed0, 0, 4;
    %pushi/vec4 0, 0, 8;
    %ix/load 3, 123, 0;
    %flag_set/imm 4, 0;
    %ix/load 4, 0, 0; Constant delay
    %assign/vec4/a/d v0x141e5bed0, 0, 4;
    %pushi/vec4 0, 0, 8;
    %ix/load 3, 124, 0;
    %flag_set/imm 4, 0;
    %ix/load 4, 0, 0; Constant delay
    %assign/vec4/a/d v0x141e5bed0, 0, 4;
    %pushi/vec4 0, 0, 8;
    %ix/load 3, 125, 0;
    %flag_set/imm 4, 0;
    %ix/load 4, 0, 0; Constant delay
    %assign/vec4/a/d v0x141e5bed0, 0, 4;
    %pushi/vec4 0, 0, 8;
    %ix/load 3, 126, 0;
    %flag_set/imm 4, 0;
    %ix/load 4, 0, 0; Constant delay
    %assign/vec4/a/d v0x141e5bed0, 0, 4;
    %pushi/vec4 0, 0, 8;
    %ix/load 3, 127, 0;
    %flag_set/imm 4, 0;
    %ix/load 4, 0, 0; Constant delay
    %assign/vec4/a/d v0x141e5bed0, 0, 4;
    %jmp T_12.1;
T_12.0 ;
    %load/vec4 v0x141e5c800_0;
    %flag_set/vec4 8;
    %jmp/0xz  T_12.2, 8;
    %load/vec4 v0x141e5ca10_0;
    %parti/s 8, 24, 6;
    %load/vec4 v0x141e5bd40_0;
    %addi 3, 0, 32;
    %ix/vec4 3;
    %ix/load 4, 0, 0; Constant delay
    %assign/vec4/a/d v0x141e5bed0, 0, 4;
    %load/vec4 v0x141e5ca10_0;
    %parti/s 8, 16, 6;
    %load/vec4 v0x141e5bd40_0;
    %addi 2, 0, 32;
    %ix/vec4 3;
    %ix/load 4, 0, 0; Constant delay
    %assign/vec4/a/d v0x141e5bed0, 0, 4;
    %load/vec4 v0x141e5ca10_0;
    %parti/s 8, 8, 5;
    %load/vec4 v0x141e5bd40_0;
    %addi 1, 0, 32;
    %ix/vec4 3;
    %ix/load 4, 0, 0; Constant delay
    %assign/vec4/a/d v0x141e5bed0, 0, 4;
    %load/vec4 v0x141e5ca10_0;
    %parti/s 8, 0, 2;
    %ix/getv 3, v0x141e5bd40_0;
    %ix/load 4, 0, 0; Constant delay
    %assign/vec4/a/d v0x141e5bed0, 0, 4;
T_12.2 ;
T_12.1 ;
    %jmp T_12;
    .thread T_12;
    .scope S_0x141e5ba30;
T_13 ;
    %wait E_0x141e5bcf0;
    %load/vec4 v0x141e5c750_0;
    %flag_set/vec4 8;
    %jmp/0xz  T_13.0, 8;
    %load/vec4 v0x141e5bd40_0;
    %addi 3, 0, 32;
    %ix/vec4 4;
    %load/vec4a v0x141e5bed0, 4;
    %ix/load 4, 24, 0;
    %flag_set/imm 4, 0;
    %store/vec4 v0x141e5c8d0_0, 4, 8;
    %load/vec4 v0x141e5bd40_0;
    %addi 2, 0, 32;
    %ix/vec4 4;
    %load/vec4a v0x141e5bed0, 4;
    %ix/load 4, 16, 0;
    %flag_set/imm 4, 0;
    %store/vec4 v0x141e5c8d0_0, 4, 8;
    %load/vec4 v0x141e5bd40_0;
    %addi 1, 0, 32;
    %ix/vec4 4;
    %load/vec4a v0x141e5bed0, 4;
    %ix/load 4, 8, 0;
    %flag_set/imm 4, 0;
    %store/vec4 v0x141e5c8d0_0, 4, 8;
    %ix/getv 4, v0x141e5bd40_0;
    %load/vec4a v0x141e5bed0, 4;
    %ix/load 4, 0, 0;
    %flag_set/imm 4, 0;
    %store/vec4 v0x141e5c8d0_0, 4, 8;
    %jmp T_13.1;
T_13.0 ;
    %pushi/vec4 0, 0, 32;
    %store/vec4 v0x141e5c8d0_0, 0, 32;
T_13.1 ;
    %jmp T_13;
    .thread T_13, $push;
    .scope S_0x141e5b6a0;
T_14 ;
    %wait E_0x141e5b9c0;
    %load/vec4 v0x141e5d440_0;
    %store/vec4 v0x141e5d0d0_0, 0, 32;
    %load/vec4 v0x141e5cfb0_0;
    %store/vec4 v0x141e5d1e0_0, 0, 1;
    %load/vec4 v0x141e5cfb0_0;
    %flag_set/vec4 8;
    %jmp/0xz  T_14.0, 8;
    %load/vec4 v0x141e5cdc0_0;
    %dup/vec4;
    %pushi/vec4 0, 0, 3;
    %cmp/u;
    %jmp/1 T_14.2, 6;
    %dup/vec4;
    %pushi/vec4 1, 0, 3;
    %cmp/u;
    %jmp/1 T_14.3, 6;
    %dup/vec4;
    %pushi/vec4 2, 0, 3;
    %cmp/u;
    %jmp/1 T_14.4, 6;
    %load/vec4 v0x141e5d440_0;
    %store/vec4 v0x141e5d0d0_0, 0, 32;
    %jmp T_14.6;
T_14.2 ;
    %load/vec4 v0x141e5d040_0;
    %store/vec4 v0x141e5d270_0, 0, 32;
    %load/vec4 v0x141e5cc00_0;
    %dup/vec4;
    %pushi/vec4 0, 0, 2;
    %cmp/u;
    %jmp/1 T_14.7, 6;
    %dup/vec4;
    %pushi/vec4 1, 0, 2;
    %cmp/u;
    %jmp/1 T_14.8, 6;
    %dup/vec4;
    %pushi/vec4 2, 0, 2;
    %cmp/u;
    %jmp/1 T_14.9, 6;
    %dup/vec4;
    %pushi/vec4 3, 0, 2;
    %cmp/u;
    %jmp/1 T_14.10, 6;
    %jmp T_14.11;
T_14.7 ;
    %load/vec4 v0x141e5d440_0;
    %parti/s 8, 0, 2;
    %ix/load 4, 0, 0;
    %flag_set/imm 4, 0;
    %store/vec4 v0x141e5d270_0, 4, 8;
    %jmp T_14.11;
T_14.8 ;
    %load/vec4 v0x141e5d440_0;
    %parti/s 8, 0, 2;
    %ix/load 4, 8, 0;
    %flag_set/imm 4, 0;
    %store/vec4 v0x141e5d270_0, 4, 8;
    %jmp T_14.11;
T_14.9 ;
    %load/vec4 v0x141e5d440_0;
    %parti/s 8, 0, 2;
    %ix/load 4, 16, 0;
    %flag_set/imm 4, 0;
    %store/vec4 v0x141e5d270_0, 4, 8;
    %jmp T_14.11;
T_14.10 ;
    %load/vec4 v0x141e5d440_0;
    %parti/s 8, 0, 2;
    %ix/load 4, 24, 0;
    %flag_set/imm 4, 0;
    %store/vec4 v0x141e5d270_0, 4, 8;
    %jmp T_14.11;
T_14.11 ;
    %pop/vec4 1;
    %load/vec4 v0x141e5d270_0;
    %store/vec4 v0x141e5d0d0_0, 0, 32;
    %jmp T_14.6;
T_14.3 ;
    %load/vec4 v0x141e5d040_0;
    %store/vec4 v0x141e5d270_0, 0, 32;
    %load/vec4 v0x141e5cc00_0;
    %dup/vec4;
    %pushi/vec4 0, 0, 2;
    %cmp/u;
    %jmp/1 T_14.12, 6;
    %dup/vec4;
    %pushi/vec4 1, 0, 2;
    %cmp/u;
    %jmp/1 T_14.13, 6;
    %dup/vec4;
    %pushi/vec4 2, 0, 2;
    %cmp/u;
    %jmp/1 T_14.14, 6;
    %jmp T_14.15;
T_14.12 ;
    %load/vec4 v0x141e5d440_0;
    %parti/s 16, 0, 2;
    %ix/load 4, 0, 0;
    %flag_set/imm 4, 0;
    %store/vec4 v0x141e5d270_0, 4, 16;
    %jmp T_14.15;
T_14.13 ;
    %load/vec4 v0x141e5d440_0;
    %parti/s 16, 0, 2;
    %ix/load 4, 8, 0;
    %flag_set/imm 4, 0;
    %store/vec4 v0x141e5d270_0, 4, 16;
    %jmp T_14.15;
T_14.14 ;
    %load/vec4 v0x141e5d440_0;
    %parti/s 16, 0, 2;
    %ix/load 4, 16, 0;
    %flag_set/imm 4, 0;
    %store/vec4 v0x141e5d270_0, 4, 16;
    %jmp T_14.15;
T_14.15 ;
    %pop/vec4 1;
    %load/vec4 v0x141e5d270_0;
    %store/vec4 v0x141e5d0d0_0, 0, 32;
    %jmp T_14.6;
T_14.4 ;
    %load/vec4 v0x141e5d440_0;
    %store/vec4 v0x141e5d0d0_0, 0, 32;
    %jmp T_14.6;
T_14.6 ;
    %pop/vec4 1;
T_14.0 ;
    %jmp T_14;
    .thread T_14, $push;
    .scope S_0x141e5b6a0;
T_15 ;
    %wait E_0x141e5b960;
    %load/vec4 v0x141e5cee0_0;
    %flag_set/vec4 8;
    %jmp/0xz  T_15.0, 8;
    %load/vec4 v0x141e5cdc0_0;
    %dup/vec4;
    %pushi/vec4 0, 0, 3;
    %cmp/u;
    %jmp/1 T_15.2, 6;
    %dup/vec4;
    %pushi/vec4 1, 0, 3;
    %cmp/u;
    %jmp/1 T_15.3, 6;
    %dup/vec4;
    %pushi/vec4 2, 0, 3;
    %cmp/u;
    %jmp/1 T_15.4, 6;
    %dup/vec4;
    %pushi/vec4 4, 0, 3;
    %cmp/u;
    %jmp/1 T_15.5, 6;
    %dup/vec4;
    %pushi/vec4 5, 0, 3;
    %cmp/u;
    %jmp/1 T_15.6, 6;
    %load/vec4 v0x141e5d040_0;
    %store/vec4 v0x141e5cd30_0, 0, 32;
    %jmp T_15.8;
T_15.2 ;
    %load/vec4 v0x141e5cc00_0;
    %dup/vec4;
    %pushi/vec4 0, 0, 2;
    %cmp/u;
    %jmp/1 T_15.9, 6;
    %dup/vec4;
    %pushi/vec4 1, 0, 2;
    %cmp/u;
    %jmp/1 T_15.10, 6;
    %dup/vec4;
    %pushi/vec4 2, 0, 2;
    %cmp/u;
    %jmp/1 T_15.11, 6;
    %dup/vec4;
    %pushi/vec4 3, 0, 2;
    %cmp/u;
    %jmp/1 T_15.12, 6;
    %jmp T_15.13;
T_15.9 ;
    %load/vec4 v0x141e5d040_0;
    %parti/s 1, 7, 4;
    %replicate 24;
    %load/vec4 v0x141e5d040_0;
    %parti/s 8, 0, 2;
    %concat/vec4; draw_concat_vec4
    %store/vec4 v0x141e5cd30_0, 0, 32;
    %jmp T_15.13;
T_15.10 ;
    %load/vec4 v0x141e5d040_0;
    %parti/s 1, 15, 5;
    %replicate 24;
    %load/vec4 v0x141e5d040_0;
    %parti/s 8, 8, 5;
    %concat/vec4; draw_concat_vec4
    %store/vec4 v0x141e5cd30_0, 0, 32;
    %jmp T_15.13;
T_15.11 ;
    %load/vec4 v0x141e5d040_0;
    %parti/s 1, 23, 6;
    %replicate 24;
    %load/vec4 v0x141e5d040_0;
    %parti/s 8, 16, 6;
    %concat/vec4; draw_concat_vec4
    %store/vec4 v0x141e5cd30_0, 0, 32;
    %jmp T_15.13;
T_15.12 ;
    %load/vec4 v0x141e5d040_0;
    %parti/s 1, 31, 6;
    %replicate 24;
    %load/vec4 v0x141e5d040_0;
    %parti/s 8, 24, 6;
    %concat/vec4; draw_concat_vec4
    %store/vec4 v0x141e5cd30_0, 0, 32;
    %jmp T_15.13;
T_15.13 ;
    %pop/vec4 1;
    %jmp T_15.8;
T_15.3 ;
    %load/vec4 v0x141e5cc00_0;
    %dup/vec4;
    %pushi/vec4 0, 0, 2;
    %cmp/u;
    %jmp/1 T_15.14, 6;
    %dup/vec4;
    %pushi/vec4 1, 0, 2;
    %cmp/u;
    %jmp/1 T_15.15, 6;
    %dup/vec4;
    %pushi/vec4 2, 0, 2;
    %cmp/u;
    %jmp/1 T_15.16, 6;
    %load/vec4 v0x141e5d040_0;
    %store/vec4 v0x141e5cd30_0, 0, 32;
    %jmp T_15.18;
T_15.14 ;
    %load/vec4 v0x141e5d040_0;
    %parti/s 1, 15, 5;
    %replicate 16;
    %load/vec4 v0x141e5d040_0;
    %parti/s 16, 0, 2;
    %concat/vec4; draw_concat_vec4
    %store/vec4 v0x141e5cd30_0, 0, 32;
    %jmp T_15.18;
T_15.15 ;
    %load/vec4 v0x141e5d040_0;
    %parti/s 1, 23, 6;
    %replicate 16;
    %load/vec4 v0x141e5d040_0;
    %parti/s 16, 8, 5;
    %concat/vec4; draw_concat_vec4
    %store/vec4 v0x141e5cd30_0, 0, 32;
    %jmp T_15.18;
T_15.16 ;
    %load/vec4 v0x141e5d040_0;
    %parti/s 1, 31, 6;
    %replicate 16;
    %load/vec4 v0x141e5d040_0;
    %parti/s 16, 16, 6;
    %concat/vec4; draw_concat_vec4
    %store/vec4 v0x141e5cd30_0, 0, 32;
    %jmp T_15.18;
T_15.18 ;
    %pop/vec4 1;
    %jmp T_15.8;
T_15.4 ;
    %load/vec4 v0x141e5d040_0;
    %store/vec4 v0x141e5cd30_0, 0, 32;
    %jmp T_15.8;
T_15.5 ;
    %load/vec4 v0x141e5cc00_0;
    %dup/vec4;
    %pushi/vec4 0, 0, 2;
    %cmp/u;
    %jmp/1 T_15.19, 6;
    %dup/vec4;
    %pushi/vec4 1, 0, 2;
    %cmp/u;
    %jmp/1 T_15.20, 6;
    %dup/vec4;
    %pushi/vec4 2, 0, 2;
    %cmp/u;
    %jmp/1 T_15.21, 6;
    %dup/vec4;
    %pushi/vec4 3, 0, 2;
    %cmp/u;
    %jmp/1 T_15.22, 6;
    %jmp T_15.23;
T_15.19 ;
    %pushi/vec4 0, 0, 24;
    %load/vec4 v0x141e5d040_0;
    %parti/s 8, 0, 2;
    %concat/vec4; draw_concat_vec4
    %store/vec4 v0x141e5cd30_0, 0, 32;
    %jmp T_15.23;
T_15.20 ;
    %pushi/vec4 0, 0, 24;
    %load/vec4 v0x141e5d040_0;
    %parti/s 8, 8, 5;
    %concat/vec4; draw_concat_vec4
    %store/vec4 v0x141e5cd30_0, 0, 32;
    %jmp T_15.23;
T_15.21 ;
    %pushi/vec4 0, 0, 24;
    %load/vec4 v0x141e5d040_0;
    %parti/s 8, 16, 6;
    %concat/vec4; draw_concat_vec4
    %store/vec4 v0x141e5cd30_0, 0, 32;
    %jmp T_15.23;
T_15.22 ;
    %pushi/vec4 0, 0, 24;
    %load/vec4 v0x141e5d040_0;
    %parti/s 8, 24, 6;
    %concat/vec4; draw_concat_vec4
    %store/vec4 v0x141e5cd30_0, 0, 32;
    %jmp T_15.23;
T_15.23 ;
    %pop/vec4 1;
    %jmp T_15.8;
T_15.6 ;
    %load/vec4 v0x141e5cc00_0;
    %dup/vec4;
    %pushi/vec4 0, 0, 2;
    %cmp/u;
    %jmp/1 T_15.24, 6;
    %dup/vec4;
    %pushi/vec4 1, 0, 2;
    %cmp/u;
    %jmp/1 T_15.25, 6;
    %dup/vec4;
    %pushi/vec4 2, 0, 2;
    %cmp/u;
    %jmp/1 T_15.26, 6;
    %load/vec4 v0x141e5d040_0;
    %store/vec4 v0x141e5cd30_0, 0, 32;
    %jmp T_15.28;
T_15.24 ;
    %pushi/vec4 0, 0, 16;
    %load/vec4 v0x141e5d040_0;
    %parti/s 16, 0, 2;
    %concat/vec4; draw_concat_vec4
    %store/vec4 v0x141e5cd30_0, 0, 32;
    %jmp T_15.28;
T_15.25 ;
    %pushi/vec4 0, 0, 16;
    %load/vec4 v0x141e5d040_0;
    %parti/s 16, 8, 5;
    %concat/vec4; draw_concat_vec4
    %store/vec4 v0x141e5cd30_0, 0, 32;
    %jmp T_15.28;
T_15.26 ;
    %pushi/vec4 0, 0, 16;
    %load/vec4 v0x141e5d040_0;
    %parti/s 16, 16, 6;
    %concat/vec4; draw_concat_vec4
    %store/vec4 v0x141e5cd30_0, 0, 32;
    %jmp T_15.28;
T_15.28 ;
    %pop/vec4 1;
    %jmp T_15.8;
T_15.8 ;
    %pop/vec4 1;
    %jmp T_15.1;
T_15.0 ;
    %pushi/vec4 0, 0, 32;
    %store/vec4 v0x141e5cd30_0, 0, 32;
T_15.1 ;
    %jmp T_15;
    .thread T_15, $push;
    .scope S_0x141e588a0;
T_16 ;
    %wait E_0x141e51ab0;
    %load/vec4 v0x141e59330_0;
    %nor/r;
    %flag_set/vec4 8;
    %jmp/0xz  T_16.0, 8;
    %pushi/vec4 0, 0, 1;
    %assign/vec4 v0x141e592a0_0, 0;
    %pushi/vec4 0, 0, 1;
    %assign/vec4 v0x141e58f70_0, 0;
    %pushi/vec4 0, 0, 32;
    %assign/vec4 v0x141e58c20_0, 0;
    %pushi/vec4 0, 0, 32;
    %assign/vec4 v0x141e58df0_0, 0;
    %pushi/vec4 0, 0, 5;
    %assign/vec4 v0x141e590e0_0, 0;
    %jmp T_16.1;
T_16.0 ;
    %load/vec4 v0x141e59210_0;
    %assign/vec4 v0x141e592a0_0, 0;
    %load/vec4 v0x141e58ee0_0;
    %assign/vec4 v0x141e58f70_0, 0;
    %load/vec4 v0x141e58b90_0;
    %assign/vec4 v0x141e58c20_0, 0;
    %load/vec4 v0x141e58d60_0;
    %assign/vec4 v0x141e58df0_0, 0;
    %load/vec4 v0x141e59000_0;
    %assign/vec4 v0x141e590e0_0, 0;
T_16.1 ;
    %jmp T_16;
    .thread T_16;
    .scope S_0x141e53060;
T_17 ;
    %wait E_0x141e532d0;
    %pushi/vec4 0, 0, 1;
    %store/vec4 v0x141e53790_0, 0, 1;
    %pushi/vec4 0, 0, 1;
    %store/vec4 v0x141e536f0_0, 0, 1;
    %pushi/vec4 0, 0, 1;
    %store/vec4 v0x141e53340_0, 0, 1;
    %load/vec4 v0x141e533f0_0;
    %flag_set/vec4 10;
    %flag_get/vec4 10;
    %jmp/0 T_17.3, 10;
    %load/vec4 v0x141e534b0_0;
    %pad/u 32;
    %pushi/vec4 0, 0, 32;
    %cmp/ne;
    %flag_get/vec4 4;
    %and;
T_17.3;
    %flag_set/vec4 9;
    %flag_get/vec4 9;
    %jmp/0 T_17.2, 9;
    %load/vec4 v0x141e534b0_0;
    %load/vec4 v0x141e53580_0;
    %cmp/e;
    %flag_get/vec4 4;
    %jmp/1 T_17.4, 4;
    %load/vec4 v0x141e534b0_0;
    %load/vec4 v0x141e53610_0;
    %cmp/e;
    %flag_get/vec4 4;
    %or;
T_17.4;
    %and;
T_17.2;
    %flag_set/vec4 8;
    %jmp/0xz  T_17.0, 8;
    %pushi/vec4 1, 0, 1;
    %store/vec4 v0x141e53790_0, 0, 1;
    %pushi/vec4 1, 0, 1;
    %store/vec4 v0x141e536f0_0, 0, 1;
    %pushi/vec4 1, 0, 1;
    %store/vec4 v0x141e53340_0, 0, 1;
T_17.0 ;
    %jmp T_17;
    .thread T_17, $push;
    .scope S_0x141e4f1d0;
T_18 ;
    %pushi/vec4 0, 0, 4;
    %store/vec4 v0x141e60660_0, 0, 4;
    %pushi/vec4 0, 0, 1;
    %store/vec4 v0x141e5dfe0_0, 0, 1;
    %end;
    .thread T_18;
    .scope S_0x141e4f1d0;
T_19 ;
    %wait E_0x141e51ab0;
    %load/vec4 v0x141e605d0_0;
    %nor/r;
    %flag_set/vec4 8;
    %jmp/0xz  T_19.0, 8;
    %pushi/vec4 0, 0, 32;
    %assign/vec4 v0x141e5fab0_0, 0;
    %jmp T_19.1;
T_19.0 ;
    %load/vec4 v0x141e5f830_0;
    %flag_set/vec4 8;
    %jmp/0xz  T_19.2, 8;
    %load/vec4 v0x141e5f710_0;
    %assign/vec4 v0x141e5fab0_0, 0;
T_19.2 ;
T_19.1 ;
    %jmp T_19;
    .thread T_19;
    .scope S_0x141e4f1d0;
T_20 ;
    %wait E_0x141e51ab0;
    %load/vec4 v0x141e605d0_0;
    %nor/r;
    %flag_set/vec4 8;
    %jmp/0xz  T_20.0, 8;
    %pushi/vec4 0, 0, 4;
    %assign/vec4 v0x141e60660_0, 0;
    %pushi/vec4 0, 0, 1;
    %assign/vec4 v0x141e5dfe0_0, 0;
    %jmp T_20.1;
T_20.0 ;
    %load/vec4 v0x141e5eb40_0;
    %cmpi/e 3735929054, 0, 32;
    %flag_get/vec4 4;
    %jmp/0 T_20.4, 4;
    %load/vec4 v0x141e5dfe0_0;
    %nor/r;
    %and;
T_20.4;
    %flag_set/vec4 8;
    %jmp/0xz  T_20.2, 8;
    %pushi/vec4 1, 0, 1;
    %assign/vec4 v0x141e5dfe0_0, 0;
    %pushi/vec4 3, 0, 4;
    %assign/vec4 v0x141e60660_0, 0;
    %jmp T_20.3;
T_20.2 ;
    %load/vec4 v0x141e5dfe0_0;
    %flag_set/vec4 9;
    %flag_get/vec4 9;
    %jmp/0 T_20.7, 9;
    %pushi/vec4 0, 0, 32;
    %load/vec4 v0x141e60660_0;
    %pad/u 32;
    %cmp/u;
    %flag_get/vec4 5;
    %and;
T_20.7;
    %flag_set/vec4 8;
    %jmp/0xz  T_20.5, 8;
    %load/vec4 v0x141e60660_0;
    %subi 1, 0, 4;
    %assign/vec4 v0x141e60660_0, 0;
    %load/vec4 v0x141e60660_0;
    %pad/u 32;
    %cmpi/e 1, 0, 32;
    %jmp/0xz  T_20.8, 4;
    %vpi_call 4 197 "$display", "Reached DEADCODE + drain cycles, stopping sim..." {0 0 0};
    %vpi_call 4 198 "$finish" {0 0 0};
T_20.8 ;
T_20.5 ;
T_20.3 ;
T_20.1 ;
    %jmp T_20;
    .thread T_20;
    .scope S_0x141e4f1d0;
T_21 ;
    %wait E_0x141e4f520;
    %load/vec4 v0x141e5e2d0_0;
    %dup/vec4;
    %pushi/vec4 0, 0, 2;
    %cmp/u;
    %jmp/1 T_21.0, 6;
    %dup/vec4;
    %pushi/vec4 2, 0, 2;
    %cmp/u;
    %jmp/1 T_21.1, 6;
    %dup/vec4;
    %pushi/vec4 1, 0, 2;
    %cmp/u;
    %jmp/1 T_21.2, 6;
    %load/vec4 v0x141e5fc60_0;
    %store/vec4 v0x141e5e360_0, 0, 32;
    %jmp T_21.4;
T_21.0 ;
    %load/vec4 v0x141e5fc60_0;
    %store/vec4 v0x141e5e360_0, 0, 32;
    %jmp T_21.4;
T_21.1 ;
    %load/vec4 v0x141e5daf0_0;
    %store/vec4 v0x141e5e360_0, 0, 32;
    %jmp T_21.4;
T_21.2 ;
    %load/vec4 v0x141e607c0_0;
    %store/vec4 v0x141e5e360_0, 0, 32;
    %jmp T_21.4;
T_21.4 ;
    %pop/vec4 1;
    %jmp T_21;
    .thread T_21, $push;
    .scope S_0x141e4f1d0;
T_22 ;
    %wait E_0x141e4f4c0;
    %load/vec4 v0x141e5e3f0_0;
    %dup/vec4;
    %pushi/vec4 0, 0, 2;
    %cmp/u;
    %jmp/1 T_22.0, 6;
    %dup/vec4;
    %pushi/vec4 2, 0, 2;
    %cmp/u;
    %jmp/1 T_22.1, 6;
    %dup/vec4;
    %pushi/vec4 1, 0, 2;
    %cmp/u;
    %jmp/1 T_22.2, 6;
    %load/vec4 v0x141e5fcf0_0;
    %store/vec4 v0x141e5e480_0, 0, 32;
    %jmp T_22.4;
T_22.0 ;
    %load/vec4 v0x141e5fcf0_0;
    %store/vec4 v0x141e5e480_0, 0, 32;
    %jmp T_22.4;
T_22.1 ;
    %load/vec4 v0x141e5daf0_0;
    %store/vec4 v0x141e5e480_0, 0, 32;
    %jmp T_22.4;
T_22.2 ;
    %load/vec4 v0x141e607c0_0;
    %store/vec4 v0x141e5e480_0, 0, 32;
    %jmp T_22.4;
T_22.4 ;
    %pop/vec4 1;
    %jmp T_22;
    .thread T_22, $push;
    .scope S_0x141e4f1d0;
T_23 ;
    %wait E_0x141e4f470;
    %load/vec4 v0x141e60540_0;
    %inv;
    %store/vec4 v0x141e5f830_0, 0, 1;
    %jmp T_23;
    .thread T_23, $push;
    .scope S_0x141e4f1d0;
T_24 ;
    %wait E_0x141e4f3e0;
    %load/vec4 v0x141e5fb40_0;
    %store/vec4 v0x141e60000_0, 0, 32;
    %load/vec4 v0x141e5fbd0_0;
    %store/vec4 v0x141e60090_0, 0, 32;
    %load/vec4 v0x141e60350_0;
    %flag_set/vec4 10;
    %flag_get/vec4 10;
    %jmp/0 T_24.3, 10;
    %load/vec4 v0x141e5ff70_0;
    %pad/u 32;
    %pushi/vec4 0, 0, 32;
    %cmp/ne;
    %flag_get/vec4 4;
    %and;
T_24.3;
    %flag_set/vec4 9;
    %flag_get/vec4 9;
    %jmp/0 T_24.2, 9;
    %load/vec4 v0x141e5ff70_0;
    %load/vec4 v0x141e5ee40_0;
    %cmp/e;
    %flag_get/vec4 4;
    %and;
T_24.2;
    %flag_set/vec4 8;
    %jmp/0xz  T_24.0, 8;
    %load/vec4 v0x141e5e070_0;
    %store/vec4 v0x141e60000_0, 0, 32;
T_24.0 ;
    %load/vec4 v0x141e60350_0;
    %flag_set/vec4 10;
    %flag_get/vec4 10;
    %jmp/0 T_24.7, 10;
    %load/vec4 v0x141e5ff70_0;
    %pad/u 32;
    %pushi/vec4 0, 0, 32;
    %cmp/ne;
    %flag_get/vec4 4;
    %and;
T_24.7;
    %flag_set/vec4 9;
    %flag_get/vec4 9;
    %jmp/0 T_24.6, 9;
    %load/vec4 v0x141e5ff70_0;
    %load/vec4 v0x141e60420_0;
    %cmp/e;
    %flag_get/vec4 4;
    %and;
T_24.6;
    %flag_set/vec4 8;
    %jmp/0xz  T_24.4, 8;
    %load/vec4 v0x141e5e070_0;
    %store/vec4 v0x141e60090_0, 0, 32;
T_24.4 ;
    %jmp T_24;
    .thread T_24, $push;
    .scope S_0x141e0eef0;
T_25 ;
    %delay 5, 0;
    %load/vec4 v0x141e60900_0;
    %inv;
    %store/vec4 v0x141e60900_0, 0, 1;
    %jmp T_25;
    .thread T_25;
    .scope S_0x141e0eef0;
T_26 ;
    %vpi_call 3 20 "$dumpfile", "cpu_simulation.vcd" {0 0 0};
    %vpi_call 3 21 "$dumpvars", 32'sb00000000000000000000000000000000, S_0x141e0eef0 {0 0 0};
    %pushi/vec4 0, 0, 1;
    %store/vec4 v0x141e60900_0, 0, 1;
    %pushi/vec4 0, 0, 1;
    %store/vec4 v0x141e60a90_0, 0, 1;
    %delay 10, 0;
    %pushi/vec4 1, 0, 1;
    %store/vec4 v0x141e60a90_0, 0, 1;
    %vpi_call 3 27 "$monitor", $time, " | IF.pc=%h | ID.instr=%h | EX.pc=%h EX.alu=%d zero=%b branchTaken=%b regWrite_WB=%b finalWBData=%d", v0x141e5fa20_0, v0x141e5eb40_0, v0x141e5f8c0_0, v0x141e5da20_0, v0x141e60850_0, v0x141e5dd10_0, v0x141e60350_0, v0x141e5e070_0, " " {0 0 0};
    %delay 3000, 0;
    %vpi_call 3 40 "$finish" {0 0 0};
    %end;
    .thread T_26;
# The file index is used to find the file name in the following table.
:file_names 22;
    "N/A";
    "<interactive>";
    "./PC.v";
    "tb_riscv_sc.v";
    "./PipelinedCPU.v";
    "./Adder.v";
    "./ALUCtrl.v";
    "./ALU.v";
    "./EX_MEM_PipelineReg.v";
    "./ForwardingUnit.v";
    "./HazardDetection.v";
    "./ID_EX_PipelineReg.v";
    "./IF_ID_PipelineReg.v";
    "./Control.v";
    "./ImmGen.v";
    "./InstructionMemory.v";
    "./MEM_WB_PipelineReg.v";
    "./Mux2to1.v";
    "./Register.v";
    "./ShiftLeftOne.v";
    "./WrapperMemory.v";
    "./DataMemory.v";
